subject,school,grade,code,content,text_1,text_2,text_3,text_4,text_5,text_6,text_7,text_8,text_9,text_10,text_11,text_12,text_13,text_14,text_15,text_16,text_17,text_18,text_19,text_20,text_21,text_22,text_23,text_24,text_25,text_26,text_27,text_28,text_29,text_30,text_31,text_32,text_33,text_34,text_35,text_36,text_37,text_38,text_39,text_40,text_41,text_42,text_43,text_44,text_45,text_46,text_47,text_48,text_49,text_50,text_51,text_52,text_53,text_54,text_55,text_56,text_57,text_58,text_59,text_60,text_61,text_62,text_63,text_64,text_65,text_66,text_67,text_68,text_69,text_70,text_71,text_72,text_73,text_74,text_75,text_76,text_77,text_78,text_79,text_80
도덕,중학교,1학년,9도01-01,"자신의 삶과 가치관에 대한 성찰을 통해 자아를 올바로 이해하고, 삶에서 도덕이 필요한 이유에 근거하여 도덕적인 삶에 대한 의지를 기른다.","즉, 본능에 따라 먹고, 자고, 자신의 생명을 보존하기를 바란다.",착하고 바르게 살면 오히려 불행하게 되는 것이 아닐까?,정신적 가치 중에서도 도덕적 가치를 추구할 때 인간으로서 보다 가치로운 삶을 살 수 있음.,주변에 있는 어른들에게 도움을 요청한다.,규범: 행동하거나 판단할 때 마땅히 따라야 할 법칙과 원리.,순자의 성악설(性忢說): 악한 본성을 고치고 바로잡기 위해 도덕이 필요하다.,삶의 목적의 의미: 우리가 살아가면서 이루고 싶은 일이나 삶의 방향을 의미함.,동화에 등장하는 현명한 거북이 레오 할아버지는 톨스토이의 모습을 그리고 있다. 레오 할아버지는 세 가지 질문을 통해 지금 곁에 있는 사람을 소중하게 여기며 선행을 할 때 사람다울 수 있으며 행복하게 살 수 있다고 이야기한다.,도덕 지능이라는 개념을 처음 도입한 사람은 미국의 아동 심리 학자 로버트 콜스 (Robert Coles)이다.,자신의 욕구를 적절히 조절하고 이성의 능력을 올바르게 사용하려고 노력해야 한다.,가치 추구: 소중한 것을 얻고자 노력하는 것,"망설임을 극복하기 위해서는 도덕적 삶이 자기 자신은 물론 타인에게 이익이 되고, 사람으로서의 도리와 의무를 실천함으로써 진정한 행복에 도달할 수 있음을 깨달아야 한다.",도덕적 가치를 존중하며 자아를 실현하기 위해 노력하면서 내면의 만족과 안정감을 찾아야 함.,극기 : 자기 마음속에 있는 나쁜 욕구들과 외적인 유혹을 이겨 내는 힘을 말함. 자신을 이기고 예로 돌아간다는 뜻의 극기복 례(克己復禮)에서 유래함.,사회와 인류의 발전에 기여할 수 있음.,도덕 공부가 모든 공부의 기초가 되어야 함.,바람직한 삶의 목적을 설정하기 위한 방안,누군가의 강요나 처벌의 두려움 때문이 아니라 자신의 양심에 따라 스스로 규범을 지킬 때 참된 도덕적 인간이 된다.,그리고 극기와 인내의 자세로 그러한 망설임을 극복하고 도덕적인 판단과 행동을 해야 한다.,그는 높은 단계의 욕구로 옮겨 갈수록 사람다운 삶을 누릴 수 있다고 주장했다.,스스로 선택하고 판단하며 행동할 수 있는 도덕적 자율성을 키워야 함.,도덕 공부의 의미와 중요성,올바른 선택을 하기 위해서는 다음과 같은 절차에 따라 자신의 욕구가 바람직한지 아닌지를 점검해 볼 필요가 있다.,사람은 도덕적으로 살아갈 때 비로소 사람다울 수 있다.,사람을 사랑하는 마음인 인(仁)을 바탕으로 예(禮)를 실천할 것을 강조하였다.,물질적 가치와 정신적 가치,자신의 이익만을 내세우는 이기적인 마음으로 행동한다면 공동체를 유지하기 어렵다.,양심에 따르는 도덕적인 판단이나 행동이 사회에서 보편적으로 인정받을 수 있는지 따져 보아야 한다.,바람직한 삶의 목적을 세울 때 고려할 점,우리는 도덕적 실천을 망설일 때 '왜 내가 도덕적이어야 하는가?'를 진지하게 묻고 성찰해야 한다.,사람의 도리와 도덕규범에 관한 지식을 배우고 익혀 실천해 야함.,이러한 자연의 조건에서는 인간은 전쟁 상태에 놓여 있다.,타율적인 사람은 충동이나 욕구에 따라서 또는 다른 사람이 시키는 대로 행동하기 쉬움.,도덕 공부: 인격을 수양하며 올바른 삶의 목적과 방향으로 나아가기 위해 사람의 도리와 실천을 배우는 것.,"사회적 존재로서 사람은 사랑, 존중, 정의, 평화 등의 도덕적 가치를 실천할 때 서로 갈등을 조정하며 타인과 조화롭게 살아갈 수 있다.",욕구는 개인의 삶을 풍요롭게 할 뿐만 아니라 문명의 발전에도 기여해요.,자아를 실현할 수 있음.,이기적인 욕구나 충동에서 벗어나 올바른 도덕적 가치에 따라 살아갈 때 우리는 훌륭한 인격을 갖출 수 있다.,삶의 목적의 중요성,아이들의 도덕 지능을 확립해 주는 것이 중요하다고 강조한다.,"도덕은 일반적으로 보편적인 자유, 평등, 인간 존엄, 정의 등의 도덕 원리에 기초하지만 동일한 도덕 원리가 문화권에 따라서 다르게 적용되기도 한다.","자신의 능력을 발전시키며 자아를 실현하고 학문, 도덕, 예술 등의 발전에도 기여한다.",어떤 가치를 추구하느냐에 따라 삶의 목적과 방향이 달라짐.,타인을 사랑하고 존중하고 배려하면서 더불어 살아가는 삶을 실천할 때 사람답게 살 수 있다.,눈에 보이지 않지만 늘 우리 안에 살아 있음.,도덕적 망설임,나를 소중하게 대하듯이 다른 사람을 소중히 여기며 서로가 서로를 도우려 노력할 때 사회의 질서가 유지 되며 평화롭고 조화로운 삶을 살 수 있다.,"도덕 지능이 확립되면 옳고 그름을 판단하는 내적 능력을 발휘할 수 있고, 그것을 통해서 외적 영향들에 대항할 수 있게 된다는 것이다.","바람직한 삶의 목적을 배울 수 있는 다양한 직접적, 간접적 경험을 위한 노력이 필요함.",사람들이 보편적으로 받아들이고 공유할 수 있는 본래적 가치가 목적이 되는 가치임.,우리의 삶에서 도덕은 왜 필요할까?,공부를 통해 삶에 필요한 지식을 얻을 수 있음.,고자의 성무선악설(性無善忢說): 사람의 본성이 정해져 있지 않기 때문에 선하게 살아가기 위해서는 도덕이 필요하다.,119에 신고하고 할머니께서 의식이 있는지 확인한다.,의미 있고 만족스러운 삶을 살 수 있음.,잘못된 행동을 반복하지 않겠다는 반성을 하게 함.,사람답게 살기 위해서는 자신의 욕구만을 추구할 것이 아니라 사람으로서의 도리를 실천하는 도덕적 삶이 중요하다.,사람도 동물처럼 생존에 필요한 본능적 욕구를 지니고 있다.,가치의 의미와 종류,욕구를 조절하고 이성적으로 행동하려면 무엇보다 도덕이 필요하다.,만족감이 오래 유지되며 나누어도 줄지 않는 가치 추구,"도덕규범은 ""생명을 존중해야 한다."", ""거짓말을 하면 안 된다."" 등과 같이 사람이 살아가면서 마땅히 해야 할 것과 해서는 안 되는 것을 알려 준다.",동물과 달리 사람은 본능적 욕구를 조절하고 차원이 높은 정신적인 가치를 추구하는 이성적 정신적 존재이다.,도덕성이 결여된 공부는 자기 자신은 물론 공동체에 해를 끼칠 수 있음.,정직하게 사는 사람이 오히려 손해를 보거나 비도덕적인 사람이 이익을 얻어 부유하게 사는 것을 볼 때 우리는 이런 생각을 하곤 한다.,"양심에 따라 올바른 행동을 했을 때 우리는 자신을 자랑스럽게 생각하지만, 잘못된 행동을 했을 때는 죄책감과 부끄러움을 느끼며 반성하게 된다.","사람은 도덕규범에 따라 살아가는 도덕적 존재이며, 도덕성이야말로 사람을 사람답게 하는 핵심이다.",설사 물리적 폭력의 상태가 아니더라도 적어도 다른 사람들과 대항하고 있는 타고난 은밀한 투쟁 상태에 놓여 있다.,무엇이 옳은지 그른지 분별해 줌.,우리가 사람이라고 할 때 그것은 고정적인 실체로서 삶 배후에 있는 것이 아니고 삶과 함께 비로소 이룩되는 것을 말한다.,양심의 의미: 도덕적인 것과 비도덕적인 것을 구별해주는 우리 마음의 작용,"욕구를 추구하는 마음이 지나쳐 도덕규범에 어긋나는 행동을 하거나, 도덕규범 때문에 자신의 욕구를 지나치게 억누를 수도 있다.","7가지 덕목 중 공감 능력, 분별력, 자제력은 도덕 지능의 토대를 이루기 때문에 ‘핵심 덕목’이며, 이 핵심 덕목을 확실하게 익혀야만 아이들의 도덕 지능을 높일 수 있다.",정신적 가치를 통해서 얻는 만족감은 물질적 가치보다 오래 유지되며 나누어도 줄지 않음.,"삶의 목적이 바람직한지, 목적을 실현하는 과정에서 잘못이나 실수 등이 없는지 성찰해야 함.",어려움을 헤쳐 나갈 수 있는 버팀목이 될 수 있음.,도구적 가치: 어떤 목적을 이루기 위한 수단이 되는 가치,사람은 동물과 달리 생각하는 능력인 이성을 통해 옳고 그름을 판단하며 본능적 욕구를 조절할 수 있다.,도덕은 일상적 경험에서 중대한 역할을 한다.,달려가서 할머니를 부축해 드린다.
도덕,중학교,1학년,9도01-02,"일상에서 발생하는 부도덕한 행동의 여러 원인을 분석하고, 도덕적 인격이 갖추어야 할 특성들을 파악하여 이를 내면화하는 의지를 기른다.",그 뿐만 아니라 ‘나도 할 수 있다.'는 믿음을 가지고 도덕적 자신감을 높일 수 있어요.,도덕적 사고 능력이 부족하기 때문: 도덕규범에 대한 지식이 있더라도 도덕적 사고나 판단의 능력이 부족하면 도덕적으로 행동하기 어려움.,도덕의 의미,나는 어떤 사람인가?,타인을 배려하는 자세를 기를 수 있음.,도덕적 인물의 특징,그릇된 지식을 경계하고 올바른 삶을 위해 부단히 노력하려는 자세가 필요함.,도덕적 자아상: 도덕적으로 바람직한 자기의 모습을 마음속에 그려 놓는 것.,적절한 욕구는 행복감을 주지만 지나친 욕구나 잘못된 욕구는 개인이나 사회에 불행한 결과를 초래함.,도덕성을 갖추는 것이야말로 사람다움의 핵심임.,아리스토텔레스: 인간으로서의 덕성을 갖추어야 행복을 얻을 수 있다고 주장함.,적극적으로 도덕적 행동을 하게 함.,"사회, 그리고 타자와의 관계 속에서 끊임없이 자기 자신을 검토하고 비판하는 과정을 통해서도 진정한 자아에 이를 수 있다.",바람직한 자아 정체성의 형성: 나를 사랑하고 존중하기,열등감에 사로잡혀 자신을 괴롭히지 않기에 타인을 사랑하고 배려할 수 있는 마음의 여유도 생긴다.,도덕적 상상력과 민감성의 역할,꾸준히 연습하면 배려의 습관이 몸에 배이게 됨.,욕구를 조절하고 이성적으로 행동하기 위해 도덕이 필요함.,도덕적 인물의 특징 $\\$ 훌륭한 성품을 지닌 사람,나는 소중하다.,도덕적 지식을 바탕으로 올바른 도덕적 판단을 내리더라도 실천 의지가 없으면 행동으로 옮기기 어려움.,존경하는 도덕적 모범에 따라 자신의 삶의 목적이나 삶을 살아가는 자세가 달라질 수 있다는 것을 꼭 명심해요.,자아의 의미: 내가 누구인지에 대해 고민하는 과정에서 알게 되는 참된 나의 모습,양심에 따라 스스로 지키는 규범,정신적 가치를 추구할 때 인격을 갖춘 사람이 될 수 있음.,도덕적 행동은 주변에 관심을 가질 때 시작되므로 도덕적 민감성은 도덕적 행동의 출발점이 됨.,도덕적 망설임,인격 완성과 행복한 삶,타인에 대한 공감 능력과 결과 예측 능력이 포함됨.,사람다움과 도덕,도덕의 성격,바람직한 행동의 방향과 결과를 예측하고 느낄 수 있음.,아는 것을 행동으로 옮길 수 있음.,"양심: 도덕의 출발점, 옳고 그름을 판단하여 스스로 바르게 행동할 수 있도록 이끌어주는 마음의 소리",도덕적이어야 하는 이유,"훌륭한 인격자는 자부심, 자기애, 타인의 칭찬, 존경 등을 통해 행복한 삶을 살 수 있음.","타인에 대한 사랑과 존중, 배려가 있을 때 공통체가 유지될 수 있음.","타자가 없다면, 즉 누구도 나를 인정해 주지 않는다면 아무리 자아 성찰에 치중한다고 해도 나는 나를 제대로 인식할 수 없다.",도덕적 무관심과 의심이 널리 퍼져 비도덕적 행동이 일어나기 쉬움.,선하고 바른 삶을 살기 위해 사람으로서 마땅히 지켜야 할 도리,이성을 통해 옳고 그름을 판단하며 본능적 욕구를 조절함.,그중에서도 특히 도덕적으로 모범인 사람은 남들이 쉽게 하지 못하는 선하고 올바른 삶을 일관되게 실천하기 때문에 존경을 받아요.,타인의 처지에서 상황을 바라보며 자신의 행동이 어떤 영향을 미칠지 상상해 볼 수 있는 능력을 의미함.,사람다운 삶을 위한 노력,사람과 동물의 공통점,사람과 동물의 차이점,되고 싶은 나의 모습이 타인이나 사회에 피해를 끼치는 것이라면 이는 바람직하지 않다.,자신이 지닌 신념이 올바른 것인지 점검해 보아야 한다.,자아를 제대로 알기 위해서는 개인적 존재로서 나의 참된 모습과 사회적 존재로서 내가 해야 할 역할이나 의무를 알아야 한다.,도덕적 자아상을 설정하기 위해서는 보편적 가치를 추구하며 도덕적 신념을 지닌 훌륭한 성품의 인물을 삶의 모범으로 정하는 것이 도움이 된다.,잘못된 행동을 고치거나 어려움에 처한 사람을 적극적으로 돕게 함.,자아 발견,나는 내 삶의 주인공이다.,"양심은 올바른 행동에 대해서는 자부심을, 잘못된 행동에 대해서는 죄책감과 부끄러움을 느끼며 반성하게 함.","도덕적 인물의 특징 $\\$ 인권, 자유, 평등, 평화 등 누구나 받아들일 수 있는 보편적 가치를 추구하는 사람",바람직한 자아 정체성의 형성,도덕은 사회나 문화를 초월하여 누구에게나 보편적으로 적용되는 규 범임.,도덕적 실천을 위한 노력,바람직한 자아 정체성을 형성하기 위해서는 어떤 노력이 필요할까?,욕구의 절제,잘못된 신념을 지닐 경우 자기 자신은 물론 타인이나 사회에 피해를 줄 수 있기 때문이다.,바람직한 나의 모습은 저절로 형성되지 않는다.,"생명과 안전, 자유가 위협받을 수 있으며 서로에 대한 신뢰와 유대도 무너져서 더 많은 고통과 불행을 겪을 수 있음.",도덕적인 모범은 역사적인 영웅이나 유명한 위인뿐만 아니라 가족이나 이웃 등 우리의 주변에서도 찾을 수 있어요.,도덕규범을 습득하고 올바른 사고 능력을 키워야 함.,생존에 필요한 본능적 욕구를 지닌 존재,"그래요. 우리가 존경하는 사람은 다양하지만, 그들의 공통점은 우리가 닮고 싶은 모범이 된다는 것이에요.",보다 나은 대안을 찾아 문제를 해결할 수 있게 함.,자아: 내가 누구인지에 대해 고민하는 과정에서 알게 되는 참된 나의 모습,이성적 • 정신적 존재,자신을 사랑하고 존중하는 사람은 자신감을 가지고 긍정적인 자세로 삶을 살아간다.,"돈, 옷 등의 물질이나 명예, 지위와 같은 외적인 조건이 진정으로 사람다운 삶을 보장하는 것은 아님.",바람직한 자아 정체성의 형성: 공동체에 관심을 갖고 다양한 경험하기,도덕적 신념을 추구하는 사람,도덕의 필요성,"도덕규범에 대한 지식이 부족하기 때문: 무엇이 도덕적으로 옳고 그른지, 선하고 악한지 잘 모른다면 도덕적으로 행동하기 어려움.",도덕규범은 사람으로서 마땅히 해야 할 것과 해서는 안되는 것을 알려 주는 규범임.,도덕적 모범이 중요한 이유 $\\$ '나도 할 수 있다'는 믿음을 갖고 도덕적 자신감을 높일 수 있음.,자아 발견과 자아 정체성,우리는 이렇게 자아를 이해하고 찾아가는 과정에서 자아 정체성을 형성할 수 있다.
도덕,중학교,1학년,9도01-03,"행복에 관한 심리적, 사회적, 윤리적 접근 등을 통해 행복의 의미를 종합적으로 파악하고, 삶의 목적과 행복의 관계를 정립할 수 있다.",행복이 무엇이냐는 질문을 받으면 대답하기가 참 어려운 것 같아요.,"감각적 쾌락은 일시적이기 때문에 계속 충족 되지 않으면, 스마트폰 중독, 알콜 중독처럼 고통에 빠지게 됩니다.","집을 지을 때 기초 공사부터 시작하듯이, 자신의 작은 일상에서 행복할 수 있는 일을 찾아 실천하면서 이를 삶 전체로 넓혀 나가는 것이 중요하다.",작은 욕구에도 만족할 줄 아는 자세가 필요해요.,"이이가 강조했듯이, 나쁜 습관은 한 칼에 잘라 버리듯 뿌리째 뽑아야 한다.",회복 탄력성을 키우며 정서적 건강과 사회적 건강을 조화롭게 유지하는 것이 중요함.,자신의 작은 일상에서부터 행복할 수 있는 일들을 찾아 실천하면서 이를 삶 전체로 넓혀 나가는 것이 중요함.,타인을 돌아보며 바람직한 가치를 추구하고 작은 욕구 충족에도 만족할 줄 아는 자세를 지닐 때 진정한 행복을 얻을 수 있다.,긍정 심리학자인 마틴 셀리그만(Martin E. P. Seligman)은 긍정적인 감정을 발전시킬 수 있는 좋은 습관 중의 하나가 감사 일기를 쓰는 것이라고 한다.,원만한 대인 관계 유지,도덕적 덕목이 마음속에 자리 잡게 되면 성품이 된다.,자신의 작은 일상에서부터 행복할 수 있는 일들을 찾아 실천하면서 이를 삶 전체로 넓혀 나 가는 것이 중요함.,마음에서 우러나온 감사하는 마음은 그 감사하는 대상과 더욱 친밀감을 느끼게 하며 행복감을 증가시키는 효과가 있다고 한다.,에피쿠로스와 스토아학파 철학자들도 덕과 깨달음이야말로 행복에 이르는 유일한 수단이라고 말했다.,그는 바른 습관을 기르기 위해 13 가지의 덕목을 정해 매일 실천하고 점검했다.,누구나 행복을 원하지만 행복은 어느 순간 우리에게 저절로 다가오지 않는다.,우리는 능동적인 자세로 자신의 의지에 따라 삶을 가꾸어 나갈 때 행복하게 살 수 있다.,욕구가 충족되지 않거나 지나치면 행복하기 어렵다.,"행복한 삶을 살기 위해 꾸준히 노력하지 않으면 지금 이 순간 행복하지만 다음 순간 불행해질 수 있고, 행복한 상태 또한 오래 유지되지 못한다.","정신적 요소: 사랑, 우정, 정의, 자유, 평화 등 정신적인 만족감을 주는 요소",매일 자신의 생활을 성찰하기,작은 욕구에도 만족할 줄 아는 자세,정서적 안정감 제공,"이웃에게 관심을 갖고 사랑을 실천하는 도덕적 삶은 자부심과 기쁨, 보람을 느끼게 함.",작은 고통을 겪어 나가면서 착한 사람들은 더욱 지혜로워질 것이고 결국 진정한 행복에 이를 수 있다.,"대인 관계 능력 키우기: 소통과 공감 능력을 키우기 위해 경험을 공유하는 활동하기, 동아리 활동, 봉사 활동, 대화 하기, 경청하기, 칭찬하기, 미소 짓기 등",하지만 진정한 행복에 이르기 위해서는 자존감을 바탕으로 자신의 삶의 목표를 성취해 가는 과정에서 느끼는 만족감이나 평온한 마음이 있어야 해요.,"자신의 강점과 미덕을 발휘하기: 악기 연주, 스포츠 활동, 봉사 활동 등을 통해 자신이 잘할 수 있는 일 찾아보기, 창의적 과제나 활동에 몰입해 보기",자존감을 바탕으로 자신의 삶의 목표를 성취해 가는 과정에서 느끼는 만족감이나 평온한 마음이 있어야 진정한 행복에 이를 수 있음.,또 긍정적인 정서를 경험하며 삶에 대해 긍정적인 태도를 갖고 자신의 장점을 발휘하며 좋은 대인 관계를 유지하기 위해 노력해야 한다.,의미: 다른 사람들과 관계를 형성하며 원만한 관계를 유지 하는 능력,고난을 극복하고 도덕적으로 살아가는 인물로부터 우리는 어떻게 살아야 하는지에 관하여 올바른 조언을 구할 수 있다.,사회적 건강의 의미와 중요성,다른 사람을 배려하며 사랑을 실천하는 자세,그는 여행을 하면서 알게 된 행복의 비밀들을 수첩에 메모한다.,사람은 혼자서 행복하게 살기 어렵다.,많은 사람들은 선과 행복을 쾌락이라고 생각하면서 향락적인 생활을 좋아한다.,덕이 몸에 배면 훌륭한 성품을 지닐 수 있음.,"좋은 습관을 지니기 위해서는 절제, 친절, 감사, 정직, 용기. 등의 덕이 몸에 밸 수 있도록 꾸준히 연습하는 것이 중요함.",사회적 건강이란 다른 사람들과 관계를 형성하며 원만한 관계를 유지하는 능력을 말한다.,"행복의 요소 행복한 삶을 위해서는 물질적, 정신적 요소가 조화롭게 충족되는 것이 중요함.",덕이 습관처럼 몸에 배면 훌륭한 성품을 지닐 수 있다.,"좋은 습관을 지니기 위해서는 절제, 친절, 감사, 정직, 용기 등의 덕을 꾸준히 실천해야 한다.",행복의 요소,나뻔 습관을 고치고 좋은 습관을 갖는 것이 중요함.,학습이나 직업에서의 좋은 성과,마음의 병을 안고 찾아오는 사람들을 그 어떤 치료로도 진정한 행복에 이르게 할 수 없음을 깨달았기 때문이다.,행복한 삶을 위해서는 물질적 요소와 정신적 요소가 조화롭게 충족되는 것이 필요하다.,타인에 대한 배려와 사랑을 배우고 실천하는 데 도움이 됨.,주변 사람들과 좋은 습관을 공유하여 실천하기,우리는 무심결에 수동적인 삶의 자세로 말을 하거나 행동하는 경우가 있다.,「꾸뻬씨의 행복 여행」은 프랑스 파리의 정신과 전문의 프랑수아 를로르가 환자들을 진료하며 얻은 경험과 생각들을 바탕으로 쓴 소설이 다.,$\begin{array}{l}\text { 운치(韻致): 고상하고 품위를 갖 } \\ \text { 춘 멋. }\end{array}$,"잘못이나 실수를 저지르지 않았는지, 게으름을 피우지 않았는지 다른 사람에게 해가 되는 행동을 하지 않았는지 매일 점검할 필요가 있다.",사람마다 행복의 기준이 다르기 때문에 행복을 하나로 정의 하기는 쉽지 않음.,정서적 건강과 사회적 건강의 의미와 중요성,행복의 의미,좋은 습관이 중요한 이유,바람직한 가치를 추구하는 자세,두 가지 중에서 어느 것이 더 중요한가요?,내가 지금 가지고 있는 것에 만족하는 것이다.,의미: 여러 가지 감정을 잘 조절하면서 적절하고 편안하게 표현할 수 있는 능력,정서적 건강과 사회적 건강 가꾸기,나쁜 습관을 만들지 않는다는 소극적 태도보다 좋은 습관을 만드는 적극적 태도가 바람직하다.,"가령 두려운 것들을 대수롭지 않게 보며 그것들을 견디는 습관을 통해 우리는 용감해지며, 용감한 사람이 되면 두려운 것들을 잘 견딜 수 있다.",좋은 습관의 중요성,도덕적 덕목을 정해 꾸준히 실천하기,소소한 일들에서 즐거움과 만족을 얻는 연습이 필요함.,만족하거나 즐거움을 느끼는 대상은 사람에 따라서 다르지 않나요?,"좋은 습관을 지니기 위해서는 절제, 친절, 감사, 정직, 용기 등의 덕이 몸에 밸 수 있도록 꾸준히 연습하는 것이 중요함.",작은 욕구에도 행복의 감정을 느끼며 감사하는 긍정적인 마음가짐이 필요함.,그들의 삶을 나침반으로 삼아 바람직한 삶을 살 때 진정한 행복의 길로 나아갈 수 있다.,"훌륭한 성품을 지닌 사람은 과욕을 버리고 주변 사람들과 좋은 관계를 형성할 수 있으며, 긍정적인 자세로 올바른 삶의 목적을 향해 나아갈 수 있다.",아무리 좋은 습관을 기르기 위해 노력해도 주변 사람들이 함께 노력하지 않으면 소용이 없다.,도산 인창호 선생은 굳어진 습관을 바꾸는 것은 어려운 것이라고 말했다.,좋은 습관을 기르기 위해서는 어떻게 해야 할까?,이를 위해서는 중용의 덕이 몸에 밸 수 있도록 꾸준히 실천하는 것이 중요하다.,행복이란 무엇일까요?,"""세살 버릇 여든까지 간다.""라는 속담처럼 어릴 때부터 잘못 형성된 습관은 좀처럼 고치기 힘들다.",삶에 대한 긍정적인 자세를 지닐 수 있음.
도덕,중학교,1학년,9도01-04,"옳고 그름을 분별할 수 있는 도덕적 기준을 탐구하고, 도덕적 상상력을 바탕으로 일상의 도덕 문제들에 도덕적 추론을 적용할 수 있다.",보편화 결과 검사: 어떤 도덕 원리를 모든 사람이 실천했을 때 일어날 수 있는 결과를 예상하고 그러한 도덕 원리나 결과 를 모든 사람들이 받아들일 수 있는지를 따져 보는 방법임.,시대를 초월하여 존경을 받을 수 있는 사람,도덕적 실천 의지가 부족하기 때문이에요.,우리가 도덕적 사고를 기르려면 그릇된 지식을 경계하고 올바른 앎을 위해 끊임없이 노력해야 한다.,나를 사량하고 존중하기,"주자에 의하면 $\ulcorner$소학$\lrcorner$은 집을 지을 때 터를 닦고 재목을 준비하는 것이며, $\ulcorner$대학$\lrcorner$은 그 터에 재목으로 집을 짓는 것이 된다고 비유하여 $\ulcorner$소학$\lrcorner$이 인간 교육의 바탕이 됨을 강조 하였다.",같은 도덕 판단의 경우에도 여러 가지 도덕 원리와 사실 판단을 근거로 제시할 수 있음.,성찰을 통해 잘못이나 실수를 되풀이하지 않을 수 있음.,타인의 입장을 헤아려 보고 그 느낌을 표현하면서 공감의 능력 기르기,그러나 비도덕성의 상당 부분은 일차적으로 도덕적 무지에서 비롯된다.,도덕적 모범의 의미: 남들이 쉽게 하지 못하는 선하고 올바른 삶을 일관되게 실천하기 때문에 도덕적으로 본받을 만 한 인물을 말함.,아무리 잘 알고 있더라도 도덕적으로 민감하지 못하거나 상상력이 부족하면 적극적으로 도덕적인 행동을 하기 어렵다.,도덕 판단,사실 판단 검토,인간답게 살기 위해서 반드시 갖춰야 하는 올바른 신념,도덕적 상상력과 민감성의 의미,"도덕적 모범의 대상: 역사적 영웅이나 유명한 위인, 가족이나 이웃 등 우리 주변의 사람들에서 찾을 수 있음.","실제 집을 지어 봄으로써 훌륭한 건축가가 될 수 있듯이, 절제하거나 정의로운 행동을 꾸준히 함으로써 그러한 습관이 몸에 밸 때 절제 있는 사람이나 정의로운 사람이 될 수 있다는 것이다.","자신감을 가지고 긍정적으로 삶을 살아갈 수 있으며, 타인을 사랑하고 배려할 수 있는 마음의 여유가 생김.","생명 존중, 정직 등 보편적인 도덕 원리",도덕 원리 검토,도덕적 삶의 강력한 원동력이 됨.,올바른 삶의 목적을 세우고 지속적으로 도덕적 행동을 할 수 있게 함.,자신을 다른 사람의 입장에 놓지 않았다면 단순히 윤리적인 유희를 즐기는 것일 수도 있다.,도덕적 성찰이 중요한 이유,"인권, 자유, 평등, 평화 등 누구나 받아들일 수 있는 보편적 가치를 추구하는 사람",도덕적 무지에서 비롯되는 비도덕적 행위의 유형,사람은 본래 불완전한 존재이기 때문,바람직한 자아 정체성의 형성,타인과의 원만한 관계 형성과 사회생활 가능,훌륭한 성품을 지닌 사람,우리는 어떤 상황이나 문제에 부딪쳤을 때 깊이 생각하여 도덕적 판단을 내려야 한다.,도덕적 상상력이란 타인의 입장에서 상황을 바라보며 자신의 행동이 어떤 영향을 미칠지 상상할 수 있는 능력을 말한다.,도덕적 신념의 역할,"학습의 부족 등으로 그러한 도덕규범을 알지 못한다면, 무엇이 도덕적으로 옳고 그른지 선하고 악한지 몰라 도덕적으로 행동하기 어렵다.",자아를 이해하고 찾아가는 과정에서 자아 정체성을 형성하게 됨.,우리가 일상생활에서 도덕적으로 행동하지 못하는 이유는 무엇일까?,"의미: 비판적 사고란 어떤 상황이나 대상, 문제 등에 대하여 타당한 근거를 가지고 합리적으로 분석, 평가하여 올바른 판단을 내리는 과정을 말함.",도덕적 성찰의 방법,의미: 도덕적으로 바람직한 자기의 모습을 마음속에 그려 놓는 것,우리는 여전히 판단을 유지해야 한다.,도덕적 모범이 중요한 이유,남이 하는 대로 모방하는 사람들의 경우 자신의 행위에서 무엇이 잘못된 것인지 모르기 때문에 양심의 가책도 느끼지 못한다.,타인의 좋은 점을 찾아보고 칭찬하거나 친절하게 대하기,자아 정체성은 고정된 것이 아니라 노력에 의해 끊임없이 바뀔 수 있음.,‘어려운 이웃을 도와야 한다.'는 도덕규범을 모른다면 어려움을 겪고 있는 이웃을 보더라도 돕지 않고 그냥 지나칠 수 있다.,도덕적 모범의 중요성,"옳지 않은 행동을 하도록 강요하는 잘못된 관습이나 제도, 폭력적인 분위기에서는 도덕적 행동을 하기 어렵기 때문이에요.","도덕 원리가 보편적으로 받아들여질 수 있는지 역할 교환 검사, 보편화 결과 검사와 같은 방법을 사용하여 검토할 수 있음.",사실 판단,도덕적 추론의 의미: 도덕 판단을 내릴 때 합리적 근거를 제시하면서 그 판단이 옳다고 주장하는 과정,중요성: 사람들 간에 발생하는 갈등을 방지하고 타인에게 피해를 끼치지 않도록 함.,"'어려운 이웃을 도와야 한다.'는 것을 알고, 이웃을 도우려면 경제적 지원이 필요하다는 판단을 제대로 하더라도 실천 의지가 없다면 어려운 이웃을 못 본 척하고 돕지 않게 된다.","도덕적으로 모범이 되는 인물의 삶을 본받거나 좌우명 정하기, 명상 하기, 일기 쓰기 등의 다양한 방법을 찾아서 자신의 삶에 적용하는 것이 중요하다.",타인의 조언이나 비판을 받아들이는 열린 자세,의미: 개인적 자아와 사회적 자아를 통합적으로 이해하는 것,비판적 사고의 중요성과 방법,도덕적 상상력과 민감성이란 무엇일까?,도덕적 사고 능력이 부족하기 때문이에요.,『소학(小學)」에서는 어릴 때부터 주변을 청소하고 정리하며 부모님께 응대하는 태도를 배우고 익히는 것이 중요하다고 말한다.,"자녀, 학생, 친구, 사회의 구성원 등으로서 해야 할 역할과 의무를 아는 것",파생적 도덕 원리의 무지- 어떤 것이 도덕인지 잘 알고 있음에도 자신의 특정한 행위에 대해서 잘못 판단하는 경우이다.,도덕 원리와 사실 판단을 근거로 도덕 판단을 내림.,자신의 신념을 성찰하는 자세,신념의 역할,아리스토텔레스는 「니코마코스 윤리학」에서 올바른 습관을 가지기 위해서는 꾸준한 훈련이 필요하다고 말한다.,우리는 흔히 우리가 도덕적이지 못한 이유를 도덕적 지식의 문제가 아니라 아는 바대로 실천하지 못하는 의지의 문제 때문이라고 생각한다.,아리스토텔레스는 이런 행위를 사악한 행위로 본다.,사실 판단이 제시된 도덕 원리와 서로 논리적으로 들어맞는지 검토해야 함.,잘못된 도덕 신념으로 인한 ‘외골수적사악함' 자신의 도덕적 신념이나 가치관이 잘못이라고 생각하지 않을 뿐만 아니라 오히려 정당하다고 믿기 때문에 양심의 가책을 느끼지 않는다.,사실 판단: 객관적으로 참임이 확인될 수 있는 것이어야 함.,옳음과 선함에 대한 굳은 믿음과 의지,"눈앞에 보이는 이익이나 편리함을 추구하려는 이기심에 사로잡힐 때, 도덕적 문제에 무관심할 때, 잘못된 신념을 가질 때, 용기가 부족하거나 도덕적인 공감 능력 등이 부족할 때 우리는 도덕적 실천을 하기 어렵다.",꾸준히 마음을 갈고 닦으며 바르게 행동함으로써 훌륭한 인격을 갖출 수 있음.,자아 정체성,"도덕적인 관점에서 사람의 인격이나 행위, 제도 등에 대해 내리는 판단",도덕적 실천을 위한 노력,$\ulcorner$니코마코스 윤리학$\lrcorner$은 10권으로 되어 있으며 리케이온에서의 강의 노트를 바탕으로 아리스토텔레스가 도덕에 관한 철학을 담아 쓴 책이다.,자신의 삶을 잘못된 방향으로 이끌거나 타인에게 피해를 줄 수 있음.,((예) 히틀러의 유대인 학살.)
도덕,중학교,2학년,9도01-05,"삶의 유한함에 관한 성찰을 통해 생명의 소중함과 의미 있는 삶의 중요성을 인식하고, 자신의 미래 모습을 상상하며 삶을 계획하고 이를 실천하는 의지를 기른다.",개인적 차원: 자신의 꿈과 행복의 실현,타인의 고통에 대한 관심,프랑스 루브르 박물관에서 일주일 보내기,희망의 내용,이러한 삶의 제약 속에서도 우리는 평정심(平静心)을 갖기 위해 노력해야 한다.2,생명의 가치,"꼭 위대한 업적을 남기지 않더라도, 한 사람이 자신의 삶을 열심히 살아가면 이로써 인류 전체에 도움이 될 수 있다.",희망의 중요성,생명 존중을 실천하는 바람직한 자세,마음의 평화,자아의 실현,시를 통해 고통을 극복하기,도덕적인 삶의 추구와 바른 인성 함양,현재의 삶에 충실해야 해요.,죽음을 가볍게 여기고 쉽게 생각하는 유형,인간의 삶은 유한하기 때문에 더욱 값진 것이에요.,"또, 인간은 자신의 삶을 통해 다른 이의 삶을 풍요롭게 할 수도 있고 반대로 피해를 줄 수도 있다.",매 순간 성실하게 생활하며 현재의 삶에서 행복을 찾으려는 자세가 필요해요.,두 남자는 자신들이 죽기 전에 꼭 하고 싶은 '버킷 리스트(Bucket List)'를 실행하기 위해 병원을 뛰쳐나와 여행길에 오른다.,고통의 가치,고통을 삶의 일부로 받아들이고 해결하려는 자세가 필요함.,삶의 소중함,공동체 전체의 삶에 대한 관심,우리는 자신의 꿈을 실현하고 자신이 중요하게 여기는 가치를 추구함으로써 기쁨과 보람을 느낀다.,인간의 삶은 혼자만의 것이 아니라 타인의 삶과 연결되어 다른 사람들에게도 영 향을 주기 때문에 중요해요.,생명의 소중함과 삶의 기쁨을 일깨워줌,고통의 극복을 통한 보람과 삶의 기쁨이 존재함.,스카이다이빙 하기,눈물 날 때까지 웃어 보기,도전하는 삶의 자세,만약 삶이 존재하지 않는다면 우리는 이러한 자아실현의 행복을 누릴 수 없을 것이다.,한 인간의 삶은 인류 전체에 영향을 주며 역사의 일부분을 이루어 나가는 의미가 있어요.,개인의 삶뿐만 아니라 공동체 전체의 삶에 관심을 기울일 수 있어야 해요.,쾌락은 선이고 불쾌는 악이다.,평정심의 추구,자동차 경주 하기,사회적 차원: 개인의 꿈과 구성원의 행복이 실현되는 정의롭고 도덕적인 공동체에 대한 희망,보편성과 필연성,"철학은 암호 읽기를 내용으로 하여, 최고의 지를 나타내는 것을 과제로 하고 있다.",반대로 잘못된 삶을 살게 되면 오히려 큰 피해를 주기도 한다.,고통을 극복하기 위한 노력,인류 전체 역사의 일부분,삶과 죽음은 전혀 다른 것 같지만 서로 연결되어 있다.,의미: 괴로움과 아픔,고통을 만드는 환경과 여건의 변화,한번 지나간 시간은 되돌아오지 않기 때문에 지금 해야 할 일에 최선을 다해야 해요.,의미 있고 가치 있는 삶을 살도록 도와줌.,"사회적 측면: 타인과의 관계 문제, 잘못된 제도와 구조",각자의 삶이 모여 서로 영향을 주고받으며 인류 전체의 역사를 이루고 있는 것이다.,우리의 유한한 삶을 보다 의미 있게 살아가기 위해서는 어떻게 해야 할까요?,"바위가 산꼭대기에서 들판으로 떨어지는 시간과 시시포스가 바위를 항해 내려오는 시간, 그는 노동에서 벗어나 자유로운 생각을 할 수 있다.",고통을 완벽히 피하는 것은 불가능함.,도덕적 삶의 실천을 가능하게 함.,이렇게 자신의 앞을 가로막고 있는 어쩔 수 없는 상황을 한계 상황이라고 한다.,"적극적 의미: 자신이 기대하고 원하는 목표를 설정하고, 이에 도달하기 위해 여러 가지 방안을 마련하며, 목표를 이룰 때까지 동기를 잃지 않고 노력하는 것",희망의 의미,의미: 자신의 앞을 가로 막고 있는 어쩔 수 없는 상황,인간은 단순히 생명을 유지하기 위해 하루하루를 살아가는 존재가 아니다.,안타깝게도 우리는 자신이 원하고 바라는 것을 모두 갖거나 이룰 수 없다.2,범죄 행위와 자살 예방,일반적 의미: 자신이 의도하는 바가 이루어질 것이라는 기대,가장 어두운 시간은 바로 해 뜨기 직전이다.,자신의 꿈을 찾아 나갈 때는 아무리 어렵고 힘들어도 고통스럽다고 생각하지 않는다.,의미 있는 삶을 위한 노력,보다 가치 있고 도덕적인 삶을 추구하도록 도와줌.,일상생활에서의 생명 존중 실천,"무엇이 나의 삶을 소중하게 하는지 탐구하기 위해 생명의 가치를 알고 생명 존중을 실천하려는 자세를 지니며, 자신의 삶이 소중한 이유를 스스로 찾아보도록 한다. 또, 죽음의 진정한 의미와 죽음을 대하는 올바른 태도를 성찰함으로써 삶을 더욱 소중히 여기고 도덕적인 삶을 추구하도록 한다.",인간의 삶과 한계 상황,인간의 삶은 누구에게나 단 한 번밖에 주어지지 않으며 영원히 지속되지 않고 언젠가는 끝나게 된다.,"처음 정신 병리학의 연구자로 출발하였기 때문에, 그 연구 내용은 그의 철학에 커다란 영항을 끼쳤다",한 사람의 죽음은 또 다른 생명을 살리는 시작이 되기도 한다.,가령 스토아학파들은 덕을 실현할 때 행복하다고 했다.,의미 있는 삶을 위한 노력,고통의 의미와 원인,오토바이로 만리장성 질주하기,"한 사람의 삶은 자신에게만 가치 있는 것이 아니라 가족, 친구, 더 나아가 그를 둘러싼 모든 이에게 의미 있고 소중한 것이다.","주어진 한계를 극복하려는 인간의 도전이 오늘날의 과학, 예술, 학문, 종교 등의 발전을 이루어 냈어요.",만약 인간의 삶이 끝없이 계속된다면 우리는 지금 당장을 의미 있게 보내려고 열심히 노력할 필요가 없다.,"정신적인 가치를 추구하고, 도덕을 실천하며, 훌륭한 인격을 갖추기 위해 노력할 때 우리는 유한한 삶을 보다 가치 있게 만들어 나갈 수 있어요.",현재의 삶에 충실
도덕,중학교,1학년,9도02-01,"정서적, 배려적 공동체로서 가정의 특성과 도덕적 기능을 파악하고, 가정에서 발생하는 갈등을 공감적인 소통과 민주적인 과정을 통해 해소하는 의지를 기른다.",(2) 효도: 부모님의 은혜를 잊지 않고 감사하는 마음을 표현하는것,정신적 봉양: 부모님께 걱정을 끼치지 않 도록 하는 것. 부모님의 뜻에 따르는 것 등,인구 고령화 현상,확대 가족에서 핵가족으로의 변화,가정은 우리가 도덕적 인간으로서 성장할 수 있도록 돕는 도덕적 삶 의 토대가 된다.,우리는 가족들에게 공동생활에 필요한 예절과 규칙을 배우고 인간으로서의 도리를 실천하기 때문이다.,가정에서 발생하는 갈등에는 어떤 것들이 있을까?,(2) 가족과 다른 공동체 간의 갈등,효도: 부모님의 은혜를 잊지 않고 감사하는 마음을 표현하는 것,세 번째 불효는 재물을 좋아하고 자기 처자식만 아끼며 부모의 봉양에 신경 쓰지 않는 것이다.,왜냐하면 부모에 대한 효가 사랑의 첫걸음이기 때문이다.,의식주와 같은 물질적 지원,이 다섯 가지가 다 갖추어 진 뒤에라야 부모를 잘 섬길 수가 있다.,유대감 약화로 인한 갈등,아울러 평균 수명의 연장과 출산율 저하로 인구 고령화 현상이 나타남에 따라 노인 혼자 살거나 노인 부부만 사는 경우도 많아졌다.,'효경'에서는 효의 시작은 부모에게서 받은 신체를 훼손하거나 상하지 않는 것이라고 했다.,마음을 다하는 '공경'이 중요함.,하지만 자식들이 하고 싶은 대로 행동하도록 방관하는 것과는 다르다.,"부모님을 정신적으로 편안하고 기쁘게 해드리는 정신적인 봉양에는 부모님께 걱정을 끼치지 않도록 하는 것, 늘 공경하는 마음으로 부모님의 뜻에 따르는 것 등이 있다.",2. 가족 사이에 지켜야 할 도리,1. 세대 간 대화와 소통의 필요성,우애: 형제자매 간에 지켜야 할 도리,가족들이 함께 생활하는 생활 공동체,「예기」에서는 효의 세 가지 중요한 조건을 다음과 같이 제시한다.,(1) 가족 구성원 간의 갈등,세대 간의 가치관 차이에 의한 갈등이 있어요.,네 번째 불효는 눈과 귀의 감각적 욕망에 빠져 나쁜 짓을 저지름으로써 부모를 치욕스럽게 하는 것이다.,얼굴빛을 온화하게 하고 말씨를 부드럽게 하며 용모와 옷차림을 단정하게 하는 것이다.,잘못된 대화 방법에 의한 갈등이 있어요.,자녀에 대한 부모의 사랑은 무조건적이며 대가를 바라지 않는 헌신적인 사랑이다.,"또, 가족과 떨어져 홀로 지내는 노인들은 신체적 어려움과 경제적 어려움, 심리적 고립감을 겪기도 한다.",오늘날 가정의 모습,(3) 우애: 형제자매 간에 지켜야 할 도리,"우리나라는 이미 지난 2000년 고령화 사회에 진입했고 2018년에 는 고령 사회, 2026년에는 초고령 사회가 될 것으로 예상된다.",가족의 이익만을 중시하여 타인과 사회에 피해를 주기도 함.,인과 덕의 구체적 표현이 곧 효도인 것이다.,평균 수명의 증가와 출산율의 저하가 그것이다.,화목한 가정을 이루기 위해서는 서로를 이해하고 공감하는 대화를 해야 한다.,사회 제도적 해결책을 마련해야 함.,마땅히 해야 할 것을 가르치고 잘못된 행동에는 엄격함을 잃지 않아야 자식들은 행동을 조심하면서도 효성스러운 마음을 지니게 된다.,경건하고 정성스러운 자식의 마음,우리 가족이 소중한 만큼 다른 가족들도 소중하다는 것을 잊지 말아야 해요.,서로에게 애정과 관심을 갖는다.,사랑과 공감 같은 정서적 지원,세대 간 가치관의 차이로 인한 갈등,바람직한 가정을 가꾸기 위해서는 가족 구성원 모두의 노력이 중요해요.,가족들이 서로에 대해 무관심하거나 함께하는 시간이 부족하여 서로를 이해할 수 없을 때 유대감의 약화에 따른 가족 갈등이 발생할 수 있다.,다섯 번째 불효는 만용을 부리고 걸핏하면 싸움질이나 해서 부모를 위험에 빠뜨리는 것이다.,자식이 부모를 잘 섬기는 것,"1 인 가구의 증가처럼 가족의 규모가 점차 축소되고 있으며 무자녀 가족, 한 부모 가족, 입양 가족, 재혼 가족, 조손 가족, 국제결혼 가족 등으로 가족의 형태가 다양해지고 있다.",대화할 때는 상대방의 말을 잘 듣고 중간에 끼어들지 않는다.,효의 본질은 ‘공경’이다.,상호 간의 입장 이해와 존중이 필요함.,사회를 이루는 기본적인 단위,"인간의 정신적, 윤리적, 문화적 삶은 가정에서 배우고 익히게 되어 있다.",여성들의 사회 진출이 활발해지면서 남편과 아내 모두 경제 활동을 하는 것이 일반화되었고 이로 인해 가족이 함께하는 시간이 더욱 부족해지고 있다.,함께하는 시간을 늘리고 가족간의 대화 시간을 정해서 유대감과 친밀감을 쌓는다.,"첫째는 부모를 존경하는 것, 둘째는 부모와 부모가 인도하는 가족을 욕되게 하지 않는 것이고, 셋째는 부모에게 좋은 음식, 의복 및 따뜻한 방을 제공해 드려 편안히 모시는 것이다.","노인 문제, 청소년 문제 등 가정의 기능 약화는 심각한 사회 문제를 야기함.","물질적 봉양: 부모님을 대신하여 수고로운 일을 하는 것, 먹을 것을 마련해 드리는 것 등","부모님을 물질적 로 모시는 신체적 봉양에는 부모님을 대신하여 수고로운 일을 하는 것, 먹을 것을 마련해 드리는 것 등이 해당한다.",효의 진정한 의미는 무엇일까?,자식이 부모를 잘 섬기는 것,상대방의 입장을 생각한 다음 자신이 원하는 것을 이야기한다.,2. 가정에서 발생하는 갈등,효란 경건하고 정성스러운 마음으로 자식이 부모를 잘 섬기는 것이다.,바람직한 가정을 이루기 위해서는 어떻게 해야 할까?,공자는 효라고 하는 것은 덕의 근본으로 교육은 그로부터 생겨난다고 하였다.,세대 차이를 줄이고 가족과의 관계 개선을 위해 필요함.,가족 간에 대화가 부족하거나 잘못된 방법으로 대화를 할 경우 소통이 단절되고 가족 관계가 소원해지는 등 갈등이 심각해질 수 있다.,(1) 가정의 의미,가족이기주의로 인한 갈등,가족 구성원이 서로를 아끼는 마음으로 가족들 간에 도리를 실천해야 한다.,인의 실천은 부모에 대한 효로부터 시작한다.,따라서 효는 특정 한 사람만이 행할 수 있는 것이 아니라 모든 인간의 만행의 근본으로 누구나 행할 수밖에 없는 것이며 인간의 본질에서 나오는 것이다.,1. 진정한 효의 의미,가정의 형태 다양화,"부모님은 오랜 세월 동안 우리를 사랑으로 보살펴 주셨는데, 이러한 부모님의 은혜를 잊지 않고 감사하는 마음을 표현하는 것이다.",자녀와 부모의 세대 차이와 가치관의 충돌로 갈등이 발생함.,효를 실천할 때에는 부모님을 '예(禮) 로써 섬겨야 한다.
도덕,중학교,1학년,9도02-02,"친구의 의미와 가치를 삶의 맥락 속에서 탐구하고, 서로를 인격적으로 존중하는 친구 관계를 상상하며 이를 실현하는 의지를 기른다.",벗 사이에 지켜야 할 마땅한 도리를 일컫는다.,청소년기에 친구는 자아 정체성을 형성하고 올바른 가치관을 세우는 데 매우 중요하지만 친구에게 옳지 않은 것을 강요하거나 인격을 무시하면서 친구를 힘들게 하는 경우도 있다.,(2) 친구를 무시하거나 자신의 입장만 고집하는 경우,(4) 친구에게 옳지 않은 일을 강요하는 경우,친한 친구는 허물없는 사이라고 생각해서 예의를 지키지 않는다면 서로 간에 오해나 갈등이 발생할 수 있다.,붕우유신(朋友有信): 삼강오륜 (三網五倫) 가운데 하나로 친구 사이에는 믿음이 있어야 한다 는 뜻이다. 벗 사이에 지켜야 함,친구와의 믿음과 존중을 바탕으로 형성된 친밀한 감정,(2) 서로 진심 어린 조언을 나눌 수 있는 친구,친구와의 우정을 지속하기 위해서는 내가 잘못한 일에 대해서는 변명하지 말고 솔직하게 사과해야 한다.,"2009년, 미국에서 발표한 한 연구에 따르면 봉급이 1년에 1만 달러가 증가하는 것보다 행복한 친구가 한 명 생기는 것이 행복감을 4.5 배 정도 더 증가 시킨다고 한다.",지란지교(芝蘭之交): 난초와 같이 벗끼리 좋은 감화를 주고받는 맑고 아름다운 교제,우리는 친구의 진심이 담긴 조언을 통해 인격적으로 더욱 성숙한 사람으로 성장할 수 있다.,서로 진심 어린 조언을 나눌 수 있는 친구예요.,존중하며 경청하여 신뢰 쌓기,나와 다름을 인정하지 않음.,친구와 의견이 다를 때에도 친구에게 나의 생각과 감정을 일방적으로 강요하지 말아야 한다.,훌륭한 인격 형성,서로에게 상처를 주지 않도록 노력하고 갈등이 생겼을 때 대화를 통해 평화적인 방법으로 해결한다면 우정은 더 깊고 단단해질 수 있다.,친구와 내가 다를 수 있다는 생각을 가지고 친구의 모습을 있는 그대로 인정해 주어야 한다.,(3) 선의의 경쟁을 할 수 있는 친구,그리고 사람들은 가난할 때나 여러 가지 어려움을 겪을 때에도 친구들을 생각합니다.,서로 협력하여 힘을 합칠 수 있는 친구예요.,친구와 다른 점이 있다는 것을 인정하고 강요하지 않아야 해요.,2. 진정한 친구의 의미,(2) 바르게 소통하기,"친구 간의 책임 의식의 부족, 기본 예절의 부족, 배려의 부족으로 생겨나는 현상이다.","자신의 감정, 생각, 행동 성찰하기",이때 곁에서 ‘괜찮아? 힘들지?’ 등과 같이 위로의 말을 건네며 공감해 주는 친구가 있다면 마음도 안정되고 고통을 잘 견뎌 낼 수 있다.,자신만 좋은 결과를 얻으려 하지 않고 협력하여 모두가 행복해지기를 바란다.,(4) 잘못을 사과하고 용서하기,마음이 통하는 친구와의 우정은 정서적 안정감을 제공해요.,훌륭한 인격 형성,이 모임은 붓과 벼루를 들고 주기적으로 만나 시를 짓고 자연을 감상하며 아름다운 세상을 만들기 위해 노력하자는 취지의 모임이었다.,2. 친구 간의 갈등 해결 노력,우정의 의미 친구 사이에 나누는 정신적 유대감,그리고 경쟁 과정에서 주고받는 도움과 배려는 우정을 돈독히 다지는 계기가 되기도 한다.,친구를 지나치게 경쟁 상대로만 인식하는 것은 문제지만 선의의 경쟁은 함께 실력을 키우고 발전하는 데 도움이 된다.,갈등의 원인 파악하기,친구를 무시하거나 자신의 입장만 고집하는 경우,친구에 대한 믿음을 바탕으로 서로를 존중하고 배려한다면 그것이 진정한 친구 관계의 모습이다.,아리스토텔레스와 공자의 가르침을 통해 우정이 우리의 삶 속에서 어떤 의미를 지니는지 살펴 보자.,친구의 처지에서 생각하고 친구의 이야기를 경청하면서 서로를 존중하는 마음을 갖는 것이 중요하다.,우정의 가치 정약용: 즐거움을 주는 친구와의 우정,"그래서 친구는 정직한 사람을 벗하고, 신의가 있는 사람을 벗하고, 견문이 많은 사람을 벗하면 유익합니다.",막역지우(莫逆之友): 마음이 맞아 서로 거스르는 일이 없는 이주 허물없는 사이,"친구들에게 옳지 못한 것은 요구하지 말 것이며, 친구들을 위하여 옳은 것만 행하되 부탁해 오기를 기다리지 말게나.",친구 간에 예의 지키기,서로를 믿어 주고 배려하는 친구예요.,친구를 무시하거나 자신의 입장만 고집하는 경우,잘못을 했을 때는 서로 사과하고 용서해야 해요.,갈등 발생 시 대화로 해결하기,"손을 맞잡고 노고를 위로할 때에는 반드시 친구가 끼니라도 제대로 잇고 있는지, 또 탈 없이 잘 지내는지를 먼저 묻고 그런 뒤에 살아가는 형편을 묻습니다.",진정한 친구는 어떤 모습일까?,친구와의 우정은 어떤 의미가 있을까?,정서적 안정감 제공,진정한 우정을 위한 친구 간의 갈등 해결 노력,진정한 우정을 맺기 위해서는 어떤 노력이 필요할까?,혼자서 하기 힘든 일도 친구와 힘을 합하면 더 좋은 결과를 얻을 수 있다.,(3) 도움 요청하기,"친구란 가깝게 오래 사귄 사람이고, 우정이란 나를 이해해 주는 친구와의 믿음(信)과 존중을 바탕으로 형성된 친밀한 감정이다.",서로를 믿지 못한다면 친구 관계가 유지되기 어렵다.,우리는 살아가면서 친구와의 갈등으로 어려움을 겪기도 한다.,거리낌 없이 솔직하게 충고해야 하네.,1. 잘못된 친구 관계의 문제점,우정이라는 말도 '정(倩)의 의미를 담고 있다.,친구와 함께 가면 생각도 행동도 더욱 강해지지요.,지기지우(知己之友): 자기를 가장 잘 알아주는 친한 친구,"또, 친구를 존중하고 배려하면서 친구에 대한 사랑이 인류에 대한 사랑으로 확대될 수 있도록 노력해야 한다.",친구에게 지나치게 의존하거나 집착하는 경우,다른 점 인정하고 강요하지 않기,우정이란 친구 사이에 나누는 정신적 유대감을 의미한다.,우정의 가치 아리스토텔레스: 행복한 삶을 위한 우정,친구를 차별하는 경우,그렇다면 친구와의 갈등을 어떻게 해결하면 좋을까?,하지만 친구가 옳지 않은 일을 강요한다면 진정한 친구가 아니므로 단호히 거절하고 함께 나쁜 길로 빠지지 않도록 주의해야 한다.,"간담상조(朋膽相哭): 간과 쓸개를 내어놓고 볼 만한 친구, 곧 마음이 잘 맞는 친구",(1) 갈등 원인 파악하기,정약용: 즐거움을 주는 친구와의 우정,우리 조상들은 붕우유신과 교우이신의 덕목을 통해 친구 사이의 믿음을 강조하였다.,"별명 부르기, 물건 함부로 사용하기, 심한 욕설하기, 비밀 폭로하기 등은 예의에 어긋나는 일이다."
도덕,중학교,2학년,9도02-03,"가상공간과 현실 세계에 대한 비교⋅분석을 바탕으로 가상공간에서 발생하는 도덕 문제들의 원인과 해결 방안을 제안하고, 타인을 존중하며 가상공간을 활용하는 태도를 함양한다.",대화와 타협을 통한 평화적 해결,매체의 본잘: 오늘날 전자 매체는 원래의 정보를 제거하 거나 훼손시키지 않고도 훔칠 수 있다.,정체성 혼란의 문제가 발생할 수 있어요.,기 쉽다. 얼굴을 마주한 채 하기 어려운 폭력적인 말과 행동을 사이버 공간에서는 죄책감 없이 하기도 한다.,정의의 원칙 정보화의 혜택이 차별 없이 고르게 분배되 어야 함.,개인적 차원의 중요성,"부정적 측면: 폭력으로 발전, 집단 이기주의 문제, 공동체 의식의 약화와 사회 발전 방해",이런 태도는 책임 회피나 책임 분산에 해당한다.,도덕적 책임의 필요성 익명성을 악용한 비도덕적 행동,건강한 사이버 공동체 문화 만들기,평등성: 누구나 평등하게 정보를 제공하고 교환할 수 있음.,사이버 공동체를 건강하게 만들기 위해 적극적으로 사이버 공동체 문화 형성에 기여할 수 있음.,도덕적 책임의 필요성 빠른 속도와 파급력,"손수 제작물(UCC): 개인적으로직접 만든 저작물(영상, 사진. 자막 등)을 말한다.",협상: 대화를 통한 당사자 간의 문제 해결,"지식과 정보가 중심이 되는 정보화 시대를 살아가는 우리는 인터넷을 통한 사이버 공간에서 다양한 것을 보고, 듣고, 배우고, 즐기며 생활한다.",하지만 현실과 다른 새로운 자아를 창출하는 계기가 되기도 한다.,정보화 시대에는 어떠한 도덕적 문제가 발생할까?,"존중이란 다른 사람의 인격권, 재산권, 사생활 등을 인정하고 존중하는 타인 존중과, 자신의 생명과 건강을 돌보는 자기 존중 모두를 포함한다.",따라서 사이버 공간에서도 타인의 권리가 침해되지 않도록 자신의 말과 행동에 책임을 다하는 자세가 중요하다.,익명성: 자신을 드러내지 않고 활동할 수 있음.,회피와 순응,책임의 원칙이 있어요.,사이버 공간의 특징 탈공간성: 지리적 경계를 초월할 수 있음.,‘나 전달법(I-Massage)’ 사용하기,리차드 루빈(Richard Rubin)은 정보 통신 기술이 지니고 있는 일곱 가지 유혹들이 우리의 도덕적 나침반은 크게 훼손시키고 있다고 주장한다.,인터넷에 올린 정보는 뺄리 퍼지고 멀리까지 퍼지며 오래 남는다.,사이버 중독에서 벗어나기 위해서는 스스로 자신의 삶에 책임을 지려는 자세가 필요하다.,정의란 공정하고 올바른 도리로 법을 준수하고 다른 사람들을 차별 없이 대우 하는 것이다.,일부 청소년들은 사회 관계망서비스를 악용하여 친구를 집단적으로 괴롭히면서 이를 범죄로 인식하지 못하고 재미를 추구하는 하나의 놀이 로 가볍게 여기기도 한다.,사회적 차원의 중요성,갈등의 긍정적 • 부정적 측면,정보화 시대 사이버 공간에서 다양한 경험을 하며 편리한 생활을 함.,"가족이나 친구, 선생님께 자신의 상태를 알리고 전문가에게 도움을 받는 것도 좋은 방법이다.","지식 재산권, 사생활, 다양성을 인정하고 존중해야 함.","도덕적 책임을 가지고 소통하기 위해 존중, 책임, 정의, 해악 금지의 도덕 원칙을 실천하려는 의지를 함양해야 한다.",경청의 자세 갖기,갈등 상황에 대처하는 유형,자기 존중과 타인 존중을 포함함.,그러기에 현실에서의 자아 정체성에 혼란을 겪으며 비도덕적인 행동을 하고도 책임을 느끼지 못하는 경우도 있다.,사이버 공간에서는 개인 정보를 침해하고 타인의 창작물을 허락 없이 사용하면서도 책임을 느끼지 못하는 경향이 있다.,우리는 사이버 공간에서 표현의 자유와 권리를 가지고 있 는 동시에 그에 따른 의 무와 책임을 가지고 있다 는 것을 명심해야 해요.,합리적으로 의사소통하기,정의의 원칙이 있어요.,정보화 시대의 도덕 원칙,정체성 혼란의 문제: 현실에서의 자아 정체성에 혼란을 겪으며 도덕적 행동을 하고도 책임을 느끼지 못하는 경우가 있음.,갈등 상황 객관적으로 바라보기(keep),"우리나라 저작권법(제2조 제1항 제1호)에 의하면, '저작물'이란 '인간의 사상 또는 감 정을 표현한 창작물', 즉 작품을 가리키는 데, 저작물은 저작권법에 의해 보호받는 대상이다.",잘못된 관습과 제도를 개선하여 사회가 발전할 수 있음.,책임 회피와 책임의 분산,사이버 공간에서 도덕적 행동의 기준이 되는 원칙에는 어떤 것이 있을까?,정보화 시대의 도덕 문제 사이버 중독 문제: 사이버 기기를 지나치게 사용하여 일상생 ㅎㅘㅘ을 하는 데 심각한 지장을 초래하는 상태를 말함.,프라이버시와 익명성: 컴퓨터 관련 기술의 발달은 컴퓨 터를 통한 비윤리적 행동을 익명으로 아무런 거리낌 없 이 할 수 있게 만들고 있다.,인간의 삶과 갈등,책임의 원칙 정체성이 혼란과 상살에 따른 책임 회피가 발생하지 않도록 신중해야 함.,"다른 정보들과 결합 되어서 특정 개인을 구별하거나그 사람의 신체적, 정신 적, 사회적 상태를 판단하거나 사실 확인이 가능한 정보 도 개인 정보에 포함된다.",익명성을 악용하여 비도덕적 행동을 하기 쉽기 때문이에요.,모두가 만족할 수 있는 해결 방안을 찾고 서로를 더 잘 이하 할 수 있음.,정보화 시대의 네 가지 도덕 원칙을 실현하기 위 해서는 자신의 잘못된 욕 구를 절제하고 타인을 배 려해야 해요.,빠른 속도와 파급력 도덕적 책임의 필요성,존중의 원칙,따라서 사이버 공간에서 자신의 생각을 표현할 때는 좀 더 신중해야 한다.,서로의 이해관계가 달라서,그러므로 타인에게 고통을 줄 수 있는 행동을 하지 않도록 절제하는 습관을 지녀야 한다.,"인간관계에서 예절, 배려, 책임 등을 실천하지 않을 때",정보화 시대의 모습,사이버 공간의 특징 개방성: 자신들이 원하는 정보에 쉽게 접근할 수 있고 누구나 자신의 생각을 표현할 수 있음.,갈등의 보편성과 필연성,사이버 공간의 익명성은 자유롭고 평등한 소통을 가능하게 한다.,사이버 공간의 특징 익명성: 자신을 드러내지 않고 활동할 수 있음.,또래 중조: 갈등 해결 훈련을 받은 학생이 친구들 사이의 문제 해결을 돕는 것,사이버 공간에서는 익명성을 악용하여 비도덕적 행동을 하고 싶은 유혹에 빠지기 쉽다.,일탈 문제와 사이버 범죄가 있어요.,탈공간성: 지리적 경계를 초월할 수 있음.,사이버 공간은 사적 공간이 아니므로 사이버 시민으로서 자질이 필요함.,심미적 매료: 잘못된 도전 욕구와 그에 따른 성추감 등의 심미적 매료가 사람들에게 비도덕적 행동을 하도록 유혹 하고 있다.,"해킹, 바이러스나 잘못된 정보의 유포, 타인 비방이나 욕설 등 타인에게 물질적 혹은 정신적 피해를 주지 않아야 함.","타인을 존중하고 배려하는 태도를 기를 수 있음,","사이버 공간의 특징을 이해하고 그에 따라 도덕 문제가 발생하는 이유를 분석해야 한다. 정보화 시대에 발생하는 도덕적 문제를 해결하려면 도덕적 책임과 절제, 타인 존중의 태도가 필요하다.",정의의 원칙
도덕,중학교,1학년,9도02-04,"이웃의 종류를 구분해 보고, 공동체 속에서 이웃을 배려하고 봉사하기 위해 타인의 관점을 채택해 보고, 이를 실천하기 위한 구체적인 방법을 제시할 수 있다.","또는 길에서 만난 노인이 무거운 짐을 드는 모습을 보고, 그 노인이 얼마나 힘들까 생각해보는 것입니다.",이럴 때 나는 그 사람의 기분을 생각하고 음악 소리를 조절할 수 있습니다.,주말에 이웃을 초대하기: 가족이나 친구들과 함께 이웃을 초대해 소소한 나눔을 실천해보세요.,"가족 이웃: 부모님이나 형제자매, 친척과 같은 가까운 나의 가족.","도움의 손길 내밀기: 이웃이 어려움을 겪고 있다면, 작은 도움의 손길을 내밀어 보세요.",부모님이나 보호자들이 일하는 곳에서 만나는 사람들입니다.,"가족: 우리가 가장 가까이 지내는 사람들로, 사랑과 지지를 주며 함께 성장합니다.","자원봉사 참여하기: 지역 사회에서 열리는 자원봉사 활동(예: 쓰레기 줍기, 헌혈 봉사)에 참여하여 봉사하는 것입니다.","물리적으로는 멀리 있지만, 정보와 경험을 나누며 관계를 형성할 수 있습니다.",여러분이 실천하는 작은 배려들이 큰 변화를 가져올 수 있음을 기억하세요!,이웃은 반드시 집이 가까운 사람들만을 의미하지 않습니다.,"일상생활에서 빈번하게 만나고, 필요한 경우 도와줄 수 있는 관계입니다.",이웃과의 관계에서 중요한 것은 '타인의 관점'을 이해하는 것입니다.,이웃은 단순히 집이 가까운 사람만을 의미하지 않아요.,그리고 자신이 어떻게 이웃을 배려하고 있는지 일기나 작은 노트에 적어보는 것도 좋은 방법입니다.,이웃의 종류를 구분해 보면 다음과 같습니다.,"실천 방법: 친구가 슬퍼할 때, 자신의 기분을 잠시 잊고 친구의 이야기를 들어주고 위로해 주는 것이 좋습니다.",같은 학교에 다니는 친구들과 선생님들이 이에 해당합니다.,우리는 다양한 종류의 이웃과 함께 살고 있습니다.,이웃과 대화하기: 가까운 이웃과 자주 인사를 나누고 대화해보세요.,"이웃과의 관계를 소중히 여기며, 함께하는 삶을 즐겁게 만들어봅시다!","주거 이웃: 같은 동네, 아파트에 사는 사람들",봉사 활동 참여하기: 지역 사회의 봉사단체나 행사에 참여해보세요.,이웃과의 대화: 이웃이 어떤 관심사나 필요한 것이 있는지 대화를 해보세요.,재능 기부: 자신의 특기를 활용해 이웃에게 도움을 줄 수도 있습니다.,"이웃의 어려움을 이해하고, 그들의 시각에서 생각해보는 '타인의 관점을 채택'하는 연습이 필요합니다.",다음은 타인의 관점을 이해하기 위한 방법입니다.,이들은 공통의 관심사를 가지고 함께 활동하는 이웃입니다.,"이렇게 이웃을 배려하고 봉사하려는 태도를 가지고 행동한다면, 우리는 더욱 성숙한 공동체의 일원이 될 수 있습니다.",타인의 관점을 채택하는 것은 다른 사람의 입장에서 생각해보는 것입니다.,"이러한 이웃들은 우리 생활에 큰 영향을 미치며, 우리는 서로 돕고 의지하며 살아가야 합니다.",그러므로 이웃을 배려하고 봉사하는 방법은 매우 중요합니다.,"작은 도움 주기: 옆집 어르신이 무거운 짐을 옮기지 못할 때, 대신 도와주는 것입니다.",이웃을 배려하고 봉사하는 방법에는 여러 가지가 있습니다.,우리 주변에는 다양한 이웃이 있습니다.,이웃을 배려하고 도움을 주는 것은 공동체의 일원으로서 매우 중요한 책임입니다.,이웃의 종류를 잘 구분하는 것은 우리가 서로를 이해하고 관계를 더욱 돈독히 하는 첫걸음이 됩니다.,안부 묻기: 혼자 사는 이웃에게 안부를 묻고 필요한 것이 없는지 체크해보는 것도 좋은 배려입니다.,"사회 이웃: 어려운 상황에 처한 사람들, 노숙인, 장애인 등 다양한 사회적 구성원",사회적 이웃: 지역 사회에서 만나는 다양한 사람들.,우리 주변에는 다양한 이웃이 있습니다.,"친척, 친구, 학교 친구, 직장 동료, 지역 사회의 주민 등 다양한 사람들이 우리 이웃이 될 수 있습니다.",작은 친절 실천하기: 주변 친구나 이웃에게 작은 도움을 주는 것도 좋습니다.,"학교 공동체: 선생님, 급우, 그리고 학교 주변의 사람들로 구성되어 학습과 성장을 함께 도모하는 관계입니다.","단순히 자신의 생각만 고집하기보다는, 이웃이 어떤 어려움을 겪고 있는지, 어떤 기분일지를 상상해보세요.",이웃의 의견이나 감정을 이해하려고 노력하는 것이지요.,공감하기: 친구가 힘들어할 때 눈높이를 맞추고 힘이 되어주는 것이 중요합니다.,"공감하기: 상대방의 입장에서 생각해보며, 그들의 입장을 이해하려고 노력합니다.","이웃 주민: 우리가 사는 지역 사회에서 만나는 사람들로, 가끔씩 마주치거나 도움이 필요한 상황에서 도움을 줄 수 있습니다.",우리 주변에는 다양한 이웃이 있습니다.,"소통의 장 만들기: 이웃과 정기적인 소통의 장을 만들어서 서로 이야기를 나누고, 사소한 일이라도 관심을 가져주는 것이 중요합니다.","이웃은 집이나 마을에서 가까이 사는 사람들을 뜻하지만, 그 범위는 넓습니다.","예를 들어, 내가 좋아하는 음악이 있지만 이웃이 그 음악을 싫어할 수도 있습니다.",이웃을 배려하는 행동은 쉽고 여러 가지 방법이 있습니다.,"서로의 문화를 이해하고, 좋은 관계를 맺을 수 있습니다.",친구 소개하기: 친구나 가족을 이웃에게 소개해 주면서 관계를 넓히는 것도 좋습니다.,"예를 들어, 친구가 힘든 일을 겪고 있을 때, 그 친구의 마음을 이해하고 어떻게 도와줄 수 있을지를 고민해보는 것입니다.",우리가 사는 공동체는 서로를 도와주고 협력하는 공간입니다.,"작은 도움 주기: 이웃이 힘들어할 때, 손을 내밀어 도움을 줄 수 있습니다.",이제 우리가 배운 내용을 바탕으로 직접 실천해보세요.,"우리 모두 이웃을 배려하고, 함께 행복한 공동체를 만들어 나갈 수 있도록 노력합시다!","우리는 항상 자기 중심적으로 생각하기 쉬운데, 이럴 때는 다른 사람의 입장에서 생각해보아야 합니다.",지역 주민센터나 학교에서 조직하는 봉사활동에 참여하여 이웃을 도울 수 있습니다.,"이웃을 배려한다는 것은 그들의 입장에서 생각하고, 그들이 필요로 하는 것을 도와주는 것입니다.",이해하고 공감하기: 이웃이 어려움을 겪고 있을 때 그들의 기분을 이해하려고 노력합니다.,관심을 보이며 이야기하는 것만으로도 상대방에게 큰 힘이 될 수 있습니다.,친구의 입장에서 생각하며 이야기를 듣는 것이죠.,우리 주변에는 다양한 이웃이 있습니다.,정기적인 인사: 이웃에게 인사하고 스스럼없이 동네 사람들과 이야기를 나누면서 친밀한 관계를 형성합니다.,직장 이웃: 직장에서 함께 일하는 동료들,"필요할 때 도와주거나, 감사의 인사 한 마디로 그들의 하루를 밝게 할 수 있습니다.",이웃을 크게 구분해보면 다음과 같은 종류가 있어요:,"이웃은 단순히 옆집 사람뿐만 아니라, 우리가 생활하는 공동체의 모든 사람들을 포함합니다.",이웃은 꼭 가까운 집에 사는 사람들만이 아닙니다.,"예를 들어, 쓰레기를 줍거나 노인들을 도와드리는 활동을 해보세요.",이것은 다른 사람의 입장에서 생각해 보는 것이죠.,이들은 직접 만나는 경우가 많아 서로의 소식을 자주 나눌 수 있습니다.,각자의 상황에 맞게 위의 방법들을 실천해 보세요.,"우리 학교 친구들, 동네 주민들, 심지어는 인터넷에서 만나는 친구들까지도 이웃이 될 수 있습니다.",이웃을 배려하고 봉사하는 것은 우리 공동체를 건강하고 행복하게 만드는 중요한 요소입니다.
도덕,중학교,1학년,9도02-05,"다양한 갈등 상황을 평화적으로 해결할 수 있는 방안을 모색하고, 폭력의 유형과 원인, 결과에 대한 분석을 바탕으로 일상의 폭력 상황에 대한 대처 능력을 기른다.",일상생활에서 발생하는 비의도적 폭력,이웃 간에 발생하는 갈등의 원인,이러한 나눔과 봉사는 단순한 베풀기 식의 시혜적 차원이 아니라 이웃을 존중하고 사랑하는 마음에서 출발해야 한다.,이웃에 대한 차별과 집단 이기주의,방관자의 비도덕성,이웃을 소중히 여겨야 하는 이유 지금의 내 삶은 수많은 이웃의 도움으로 가능한 것이다.,이웃의 의미 좁은 의미로는 가까운 곳에 사는 동네 사람들,구조적 폭력,폭력과 관련된 사람들에게 남기는 후유증,나눔은 내가 가진 것을 이웃과 함께 나누며 이웃과 함께 행복을 찾아 나가는 일이다.,"중학생으로서 할 수 있는 배려에는 이웃들에게 먼저 반갑게 인사하기, 대중교통 수단에서 노약자에게 자리 양보하기, 무거운 짐을 들고 가는 이웃의 짐 들어주기 등이 있다.",사이버 공간에서 활동하면서 만나는 사이버 이웃,이해관계가 충돌하여 해결이 어려운 경우에는 열린 마음과 충분한 대화로 문제를 해결해야 한다.,"배려는 소극적으로는 상대방에게 피해를 주지 않는 모습으로 나타나고, 적극적으로는 그들의 어려움과 불편을 해결해 주는 모습으로 나타날 수 있어요.",전통 사회에서 우리 조상들은 이웃과 함께 사는 공동체적인 생활 방식을 유지해 왔다.,"학교생활을 함께하는 선후배, 직장 동료",이처럼 현대 사회는 이웃의 범위가 확대되고 이웃의 종류도 다양해짐으로써 새로운 공동체 문화가 생겨나고 있다.,이웃의 의미,나눔과 봉사 활동을 실천함.,"무관심, 정서적 친밀감의 부족",아랫층에서 담배를 피우는 사람이 있고 그 윗층에 사는 사람은 기침을 하며 힘겨워하고 있다. 그 옆집에는 아이들이 뛰어다니고 있고 그 아랫층에는 시끄러움에 힘들어하는 사람이 있다.,이웃을 차별하거나 자신이 속한 집단의 이익만을 주장하는 집단 이기주의로 갈등이 발생하기도 한다.,이웃을 배려하고 예절을 지켜 도리를 실천함.,이웃 간에 발생하는 갈등의 원인 이웃에 대한 배려와 예절의 부족,우리 사회에서 우리 문화와 다른 문화를 가지고 있는 사람을 만나는 것은 어렵지 않다.,"이웃에 대한 관심을 가지고 어려운 일은 서로 도우며, 이웃과 친밀한 관계를 유지하며 살아갈 때 나와 이웃, 그리고 공동체 구성원 모두가 행복해 질 수 있어요.",개인적 차원에서 폭력 행위를 하지 않기 위해 노력하기,무관심,폭력을 당한 사람,"핌피(PIMFY): 'Please In My Front Yard'의 악자로, 도서관이나 공원 등 편리한 시설을 서로 자기 마을에 건립히려고 하는 현상이다.",이웃에 대한 차별이나 집단 이기주의 때문이에요.,전통 사회의 이웃,이웃 간에 발생하는 갈등의 원인 이웃에 대한 차별과 집단 이기주의,사회 구조의 변화로 이웃의 범위가 넓어짐.,공동체 구성원으로서의 소속감과 일체감을 키우고 공동의 문제를 함께 해결해 나가려는 자세가 필요하다.,이웃은 서로 영향을 주고받으므로 이웃에 대한 배려가 부족하거나 예절을 지키지 않을 때 크고 작은 갈등이 발생할 수 있다.,"e품앗이를 설명하는 그림이다. 가운데에는 서울 e-품앗이센터 우리품앗이 라고 적혀있다. A회원은 미용사, B회원은 주부, C회원은 배관공, D회원은 교사이다. 이들은 서로 상호작용한다.",이웃에게 관심을 가지고 친밀한 이웃 관계를 형성해야 해요.,"사회적 원인: 갈등 해결의 제도 미비, 폭력을 허용하는 사회 분위기, 폭력적인 대중 매체의 영향",다른 사람의 고통 공감하기,서로의 처지를 충분히 이해하고 서로가 만족할 수 있을 정도의 양보와 타협으로 합의를 거친 후 공동체가 정한 규칙을 실천할 수 있도록 노력해야 한다.,"상부상조의 문화(계, 두레, 품앗이, 향약 등)",우리 사회는 이미 다문화 사회로 나아가고 있음.,이웃 간에 발생하는 갈등의 원인은 무엇일까?,폭력의 악순환과 사회적 혼란,평소 고통받는 친구들에게 관심 갖기,이웃의 소중함,"개인적 원인: 분노 조절 실패, 공감 능력의 부족, 인간관계 에서 힘과 권력의 불균형",우리는 많은 사람들과 인간관계를 맺으며 더불어 살아간다.,현대 사회의 이웃,이웃을 소중히 여겨야 하는 이유 이웃의 어려움에 대한 공감을 통해 협력과 나눔의 가치를 깨닫게 된다.,"또한 이웃의 사생활에 지나치게 간섭하는 일, 늦은 시간에 큰 소리로 음악을 듣거나 노래를 부르는 일 등은 이웃에게 불편을 주는 행동이므로 삼가야 한다.",선생님과 학생들이 수업 시간에 대화 중이다. 선생님은 '이웃의 어려움과 관계없이 나만 잘살면 된다'는 답을 한 중학생이 30퍼센트에 달한다고 말하며 학생들에게 어떻게 생각하는지 물어본다. 학생들은 각자 참여 후원과 이웃과 인사하는 생각을 하고 있다.,이웃에 대한 관심과 정서적 공감을 형성함.,폭력의 비도덕성,폭력으로 인한 피해 회복의 어려움,나눔의 방법은 물질적인 기부뿐만 아니라 자신의 재능을 기부하는 형태도 있다.,"이웃들의 고통에 관심을 가지고 정서적인 공감을 나누며 도울 수 있는 방법을 찾아 함께 해결해 나가고자 노력한다면, 이웃 간에 친밀감도 생기고 더 나은 공동체를 만들어 나갈 수 있다.",거부 의사를 명확하게 밝히기,우리는 일상생활에서 이웃에게 친절을 베풀고 양보하면서 이웃을 배려해야 한다.,"마을 주민들은 생산과 생활 유지를 위한 편의에서 강한 결속력을 지닌 지연공동체적인 성격을 요구하며, 따라서 그들간의 관계 는 대면사회적(對面社會的)인 근린집단의 성격을 띠고 있다.","현대 사회의 다양한 이웃들을 열린 시각으로 바라 보는 한편, 전통 사회에서 이웃과 상부상조하던 덕목 가운데 오늘날 적용할 수 있는 지혜를 배워야 할 것이다.",이웃의 의미 다른 지역의 사람들도 간접적인 협력 관계로 맺어진 사람들,태어난 국가나 문화는 다르지만 우리와 함께 살아가는 다문화 이옷,주변 사람에게 도움을 요청하기,현대 사회에서 발생하는 이웃과의 갈등의 원인을 탐구하고 갈등 해결을 위한 노력으로 배려와 예절이 필요함을 알고 이웃을 배려하는 실천 방법을 익히도록 한다.,물리적 거리가 가까울 뿐만 아니라 정서적으로도 가깝게 느끼는 사람들,이웃과 함께하는 공동체적인 생활 방식,공익성: 이웃과 지역사회내에 산재하는 문제를 해결하여 삶의 질을 향상시키기 위하여 활동하는 것.,"진정한 봉사 활동의 조건에 대한 내용을 나타낸 자료로, 대가를 바라서는 안돼요. 대가를 바라는 활동은 영리 활동이지, 진정한 봉사 활동이라고 할 수 없기 때문입니다. 봉사 활동은 자발적으로 이루어져야 해요. 봉사 활동 시간을 채우기 위해서, 혹은 누군가가 시켜서 한다면 이것은 진정한 봉사 활동이 아닙니다. 봉사 활동은 지속적으로 이루어져야 해요. 일회적으로 끝나는 활동은 실질적인 도움이 되기 어려워요. 도움이 필요한 이웃에게 지속적인 관심을 가지고 그들의 필요나 요구에 성실하게 응답해 주어야 합니다. 다른 사람에게 실질적인 도움이 되어야 해요. 봉사 활동은 나를 위한 이기적인 목적이 아닌, 다른 사람의 성장에 도움이 되기 위한 것이어야 합니다. 라는 내용이 말풍선에 적혀있는 시각자료이다.","정서적 폭력: 언어폭력, 따돌림 등",폭력의 의미와 원인,이웃과 더불어 사는 삶 공동의 문제를 함께 해결해 나감.,이웃과 더불어 사는 삶 이웃을 배려하고 예절을 지켜 도리를 실천 함.,자원 봉사의 특성,이웃에 대한 배려와 예절이 부족하기 때문이에요.,이처럼 즐거움과 어려움을 함께 나누고 서로 도움을 주고받을 때 우리는 더 풍요롭고 인간다운 삶을 살아갈 수 있다.,나눔과 봉사 활동을 실천해요.,"폭력의 의미: 일반적 의미, 넓은 의미",인류 공동의 문제에 관심을 갖는 지구촌 이웃
도덕,중학교,1학년,9도02-06,"청소년기의 바람직한 성윤리를 탐구하여 내면화하고, 사회⋅문화적 차원에서 성의 의미를 파악하여 성에 대한 편견의 문제점을 분석하고 이를 바로잡는 의지를 기른다.",바람직한 성 윤리의 구체적 내용 성차별 의식과 성 역할 고정 관념 탈피,이성 친구와 바람직한 관계를 위해서는 어떻게 해야 할까?,성과 사랑의 올바른 관계,성적 자기 결정권: 타인의 간섭 없이 자신의 성과 관련된 행동이나 결정을 스스로 선택할 수 있는 권리.,둘때. 유희적 사랑은 시랑을 놀기 위한 수단으로 보는 것이다.,"이성 교제의 긍정적 영향: 사랑의 기쁨과 정서적 안정감을 줌, 다른 성을 이해하고 배려하며 더불어 살아가는 방법을 익히게 해줌, 자신의 발전과 인격적 성장의 원동력이 됨.","사랑은 어떤 사람이나 존재를 몹시 아끼고 귀중히 여기는 마음을 의미하며, 이러한 사랑에는 여러 가지 모습이 있어요.",이를 보고 있을 수만 은 없던 제우스는 그들을 두 쪽으로 갈라놓고 힘을 약하게 만들고 수는 두 배로 늘렸다.,인간의 성은 쾌락을 포함하여 생명과 사랑 등 다양한 가치를 품고 있는 소중한 것이다.,학교에서 생활할 때,(1) 성적 욕망과 사랑의 차이,정소년기와 성 문제,청소년기 이성 친구와 서로의 성장과 발전에 도움이 되는 관계를 형성하는 것 이 바람직하다.,성에 대한 잘못된 인식으로 지나친 쾌락의 추구와 성의 수단화,"이에 대해 일부에서는 ""학생들을 대상으로 선정적인 교복 마케팅을 펼 친다. ""라며 문제를 제기하였고, 이는 사회적으로 큰 관심과 공감대를 불러일으켰다.",사랑의 여러 가지 모습,이성 친구와는 어떻게 지내야 할까?,"또, 이성 친구와 이성 교제에 관하여 제대로 이해하고, 이성 친구와의 바람직한 관계를 형성하기 위해 노력해야 한다.",에로스(eros): 남녀 간의 정열적인 사랑,그러나 이는 마음껏 성적인 행동을 해도 된다는 의미가 아니다.,성 윤리의 의미: 인간의 성과 관련된 바람직한 인식과 행위 기준,자신과 상대방에 대하여 책임감 있는 행동을 한다.,성과 사랑의 다양한 의미를 이해하고 성과 사랑의 올바른 관계를 추 구히려는 자시를 가져야 한다.,"첫째, 정열적 사랑은 첫눈에 반하거나 상대방에 깊이 빠져 버리는 사랑이다.","성 윤리의 필요성: 성 문제 예방, 성에 대한 올바른 가치관 형성",성차별 의식과 성 역할 고정 관념 탈피,청소년기의 성 문제를 도덕적 관점에서 평가하고 바람직한 성 윤리를 정립할 수 있어야 한다.,일방적으로 비용을 부담하도록 하거나 남자에게 비용을 부담하게 하는 것은 지양한다.,"성을 소중하게 생각하고, 서로를 아끼며, 자신의 행동에 책임을 다하려는 자세 필요",이러한 차이를 서로 이해하고 존중할 때 바람직한 남녀 관계를 형성할 수 있다.,성의 다양한 의미,"사랑도 색의 삼원색과 같이 기본 삼원색에 해당하는 에로스(eros), 루두스(ludus), 스트로게(stroge) 가 있다. 각각 '정열정 사랑, '유희적 사랑, '우애적 사랑이다",아가페(agape): 조건 없이 베푸는 희생적인 사랑,"이성 친구: 성이 다른 친구로, 동성 친구와는 차이가 많음.","그들은 서로 떨어져 있는 것을 하나로 만들려고, 서로 끌어안고 떨어지기를 싫어하였다.",청소년기에 성 윤리가 필요한 이유는 무엇인가?,"이로 인해 불법 낙태, 청소년 미혼모, 성폭력 등 여러 문제가 발생할 수 있다.",성의 다양한 의미 생물학적 성(sex): 성별을 구별해 주는 신체적 특성 혹은 생식 본능이나 성적 행위,이성 교제의 만남에서,청소년기의 성 문제 성차별과 성 역할 고정 관념,"남성은 태양의 자손이고, 여성은 지구의 자손으로 본래 하나였다.",이성 친구는 성(性)이 다른 친구를 말한다.,"또, 자신과 상대방의 성을 모두 소중하게 생각하고 서로를 아끼며 자신의 행동에 책임을 다하려는 자세가 필요하다.",자신의 성적 욕망만을 충족하려고 하는 마음은 진정한 사랑이 아니다.,자신의 성 충동을 억제하지 못하여 여러 가지 사회 문제가 발생할 수 있어요.,그러나 청소년기에는 성에 대한 올바른 가치관이 아직 정립되지 않은 상태이기 때문에 성과 관련된 여러 가지 도덕적 문제가 발생하기도 한다.,"그렇기 때문에 사랑하는 사람을 아끼고 존중하며 자신의 행동에 대한 책임감을 가지고 상대를 배려하는 것, 더 나아가 상대를 위해 자신의 욕구를 절제하고 희생하는 것이 성숙한 사랑이라고 할 수 있다.","이성 친구의 의미: 성이 다른 친구로, 동성 친구와는 여러 가지 차이가 많음.",성 정체성: 개인이 자신을 남성 혹은 여성이라고 느끼는 내면 적인 자아의식.,성 상품화는 대중매체를 이용하는 사람들 특히 성에 대한 가치관이 확실히 적립되지 않은 청소년들에게 악영향을 줄 수 있다는 점에서 문제가 된다.,이성 교제의 만남에서,이성 교제의 기능 배우자 선택의 기능: 다양한 이성 교제의 경험을 통해 자신과 인격적으로 잘 조화되고 사랑할 수 있는 배우자를 선택하는 기회를 가질 수 있다.,이성 교제의 부정적 영향: 이성 친구와의 차이를 이해하지 못하여 갈등이 생길 수 있음.,여학생은 36.1\%가 음란물 이용 경험이 있다고 응답하였고 평균 13.7세에 음란물을 처음 접하는 것으로 나타났다.,오늘날의 다양한 이웃,인간의 몸이 이렇게 둘로 갈라진 후부터는 모두가 갈라진 반 쪽을 그리워하여 다시 합치려고 했다.,"청소년기는 육체적으로는 급격한 성장과 함께 성적인 관심과 욕구가 크게 증가하고, 정신적으로는 자신의 삶의 목표와 가치관을 정립하는 중요한 시기이다.",사랑의 여러 가지 모습 필리아(philia): 친구 간의 우정처럼 서로를 존중하는 인격적인 사랑,사랑의 여러 가지 모습 아가페(agape): 조건 없이 베푸는 희생적인 사랑,이성 친구와의 바람직한 관계: 서로의 성장과 발전에 도움이 되는 관계,그리하여 서로 껴안고 하나가 되려는 욕망이 불붙게 되었다.,성차별 의식이나 성 역할에 대한 고정 관념을 벗어나야 해요.,"순정적 사랑이 아니라, 즐기기 위해서 특정한 상대에게 몰입하지 않으려 한다.",특히 성폭력은 자신의 욕구 충족을 위해 타인의 인격과 존엄성을 훼손하는 심각한 범죄 행위이다.,그러나 차이를 근거로 어느 한 쪽을 무시하거나 차별하는 것은 바람직하지 않다.,청소년기에는 이성에 대한 관심이 증가하고 상대에게 호감을 느끼게 되면서 이성 친구와의 관계가 이성 교제로 발전하기도 한다.,"성적인 것(sexuality): 성과 관련된 욕망이나 심리, 제도나 관습 등 성과 관련된 모든 것",지나친 노출 의상을 삼간다.,"청소년기의 성 문제 성 충동을 억제하지 못하여 발생하는 사회 문제(불법 낙태. 청소년 미혼모, 성폭력)",성 역할: 남성 또는 여성이 맡아서 하기 적합하다고 여겨지는 일이나 행위에 대한 기대.,사랑하는 사람과 성적인 행동을 하는 것은 당연한 것일까?,"성의 다양한 의미 성적인 것(sexualty): 성과 관련된 욕망이나 심리, 제도나 관습 등 성과 관련된 모든 것",일반적으로 성 윤리란 인간의 성과 관련된 바람직한 인식과 행위 기준을 의미한다.,그러나 청소년기에 성적 욕구와 호기심이 크게 증가하면서 성을 단순히 쾌락을 위한 것으로 오해하여 지나치게 성적 자극을 추구하거나 음란물에 중독되기도 한다.,"이성 교제의 긍정적 영힝 다른 성을 이해하고 배려하며 더불어 살아가는 방법을 익히게 해 줌,",청소년기에 신체적 변화와 함께 이성과 성에 관한 관심이 증가하는 것은 이상하거나 창피한 일이 아니며 자연스러운 성장의 과정이라고 볼 수 있다.,성 상품화란 성이 시장에서 하나의 상품으로 취급 당하는 현상을 말한다.,인간은 사랑하는 사람과 감각적인 쾌락뿐만 아니라 정서적이고 인격적인 교감을 나누기를 원한다.,「아동 청소년의 성 보호 에 관한 법률」은 성폭력 및 성범죄로부터 아동과 청소년을 보호하고 구제 하기 위한 법률이에요.,일상생활에서 이성 친구와의 바람직한 관계를 위해 지켜야 할 구체적인 예절을 당위적으로 제시 하는 것이 아니라 스스로 찾아보고 실천하도록 하는 것이다.
도덕,중학교,2학년,9도02-07,"폭력의 결과를 상상해 보고 그것에 내재한 비도덕성을 지적할 수 있고, 일상생활에서 일어나는 폭력 상황에 민감하게 반응하고 대처하는 능력을 가질 수 있다.",주변에 알리기: 불편한 상황을 외면하지 않고 이를 주변 친구들에게 알리는 것도 중요한 행동입니다.,"또한, 장기적으로는 폭력을 습관으로 들여서 더 큰 문제를 초래할 수 있습니다.","나중에 그 친구는 다른 사람에게도 불신을 가지게 되고, 자신감을 잃게 될 수 있습니다.",폭력 방지 캠페인 참여하기: 학교나 지역 사회에서 진행하는 폭력 방지 프로그램에 참여하여 적극적으로 흥미를 갖고 대처 방법을 배울 수 있습니다.,"피해자 지원: 폭력을 경험한 친구나 사람을 도와주고, 그들이 겪고 있는 어려움을 이해해주는 것이 필요합니다.",누군가와 함께 문제를 나누는 것만으로도 큰 도움이 될 수 있습니다.,"폭력적으로 행동하면, 서로의 감정이 상하고 우정이 깨질 수 있습니다.",감정을 솔직하게 표현할 수 있는 방법을 찾아보세요.,언어적 폭력: 욕설이나 비난 등을 통해 상대방의 감정을 상하게 하는 행동입니다.,"우리는 폭력을 예방하고, 당하는 사람에게 도움을 줄 수 있는 능력을 기르는 것이 중요합니다.",폭력을 가한 사람과 피해자 모두에게 부정적인 영향을 미치게 됩니다.,"신뢰할 수 있는 어른에게 도움 요청하기: 스스로 해결하기 어려운 문제일 경우, 선생님이나 부모님에게 도움을 요청하는 것도 좋은 방법입니다.",폭력적인 행동은 여러 가지 심각한 결과를 초래할 수 있습니다.,"공격적인 언어나 행동 대신 상대방의 이야기를 경청하고, 자신의 입장을 주장하는 것이 중요합니다.",서로를 존중하고 배려하는 태도를 통해 행복한 관계를 만들어 가는 것이 중요합니다.,대화로 해결하기: 문제가 생기면 상대방과 대화하여 서로의 입장을 이해하고 합의점을 찾는 것이 중요합니다.,"학교 폭력: 친구 사이에서의 폭력적인 행동은 학교 분위기를 해치고, 피해자에게 큰 상처를 줄 수 있습니다.","이러한 행동은 분노, 스트레스, 또는 부당한 상황에서 나올 수 있지만, 폭력은 결코 정당화될 수 없습니다.","피해자의 감정적 상처: 폭력을 당한 사람은 두려움, 불안, 우울감 등을 느낄 수 있습니다.",정서적 폭력: 따돌림이나 가스라이팅 등으로 상대의 정신적인 안정감을 해치는 행동입니다.,"폭력은 개인의 신체와 정신에 심각한 피해를 줄 수 있으며, 피해자와 가해자 모두에게 부정적인 영향을 미칩니다.","폭력을 피하는 대화법: 상황이 격해졌을 때, 차분히 대화를 시도해 보세요.","폭력을 당한 사람은 신체적 상처뿐만 아니라, 심리적인 상처도 입을 수 있습니다.","이러한 행동은 비도덕적이며, 피해자에게 심각한 피해를 줄 수 있습니다.",아래의 상황을 생각해 보세요.,서로를 존중하고 배려하는 관계를 만들기 위해 함께 노력해 보아요!,폭력은 그 자체로 비도덕적입니다.,폭력은 이러한 권리를 침해하는 행위이기 때문에 비도덕적입니다.,"또한, 주변 사람들도 폭력으로 인해 영향을 받을 수 있습니다.",이는 오히려 더 큰 갈등을 초래할 수 있습니다.,그 친구가 느낄 고통과 그로 인해 생길 수 있는 정서적 문제들을 상상해 보세요.,"예를 들어, 친구와의 다툼에서 서로에게 상처를 주고받으면, 나중에 그로 인해 친구를 이해하지 못하고, 관계가 소원해질 수 있습니다.","예를 들어, 친구와의 갈등으로 인해 언쟁이 벌어지고, 결국 감정이 격해져서 폭력적인 행동으로 이어졌다고 가정해보세요.","이와 같은 결과는 피해자의 삶을 크게 변화시킬 수 있으며, 폭력을 행한 사람 역시 법적 처벌이나 사회적 비난을 받을 수 있습니다.","우리는 모두 존엄한 존재이기 때문에, 서로를 존중하고 배려하는 것이 중요합니다.","폭력이란 무엇인지, 그리고 그것이 우리의 관계에 어떤 영향을 미치는지 함께 알아볼까요?","또한, 일상생활에서 발생하는 폭력 상황에 민감하게 반응하고, 이를 해결하기 위해 노력해야 합니다.",적절한 거리 두기나 상황에서 벗어나는 용기를 가지세요.,"폭력을 목격하거나 경험했을 때, 우리는 다음과 같은 방법으로 대처할 수 있습니다:","이제 여러분은 폭력의 결과와 비도덕성을 이해했으니, 일상생활 속에서 폭력적인 상황을 피하고, 이를 극복할 수 있는 방법을 실천해보세요.","사회적 고립: 폭력을 경험한 사람은 신뢰를 잃고, 주변 사람들과의 관계가 악화될 수 있습니다.",타인의 권리 침해: 모든 사람은 존중받고 안전하게 살아갈 권리가 있습니다.,"폭력 상황을 마주했을 때, 우리는 어떻게 대처할 수 있을까요?","교육과 예방: 학교나 지역 사회에서 폭력 예방 교육에 참여하고, 폭력의 심각성을 알리는 활동에 참여합니다.","정신적 상처: 피해자는 트라우마를 경험하게 되고, 이는 우울증이나 불안과 같은 정신적인 문제로 이어질 수 있습니다.","가해자의 후회와 고립: 폭력을 저지른 사람은 나중에 후회할 수도 있으며, 친구나 주변인들로부터 고립될 위험이 있습니다.",신뢰할 수 있는 어른에게 도움 요청하기: 상황이 심각하다면 부모님이나 선생님과 같은 신뢰할 수 있는 어른에게 도움을 요청하는 것이 좋습니다.,신뢰할 수 있는 사람에게 알리기: 자신이 직접 개입하기 어려운 상황에서는 교사나 부모님과 같은 신뢰할 수 있는 어른에게 도움을 요청합니다.,"모든 사람은 서로를 존중하며, 평화로운 관계를 유지하는 것이 바람직합니다.","때로는 친구들 사이의 작은 언쟁이나, 소셜 미디어에서의 언어 폭력도 이에 해당할 수 있습니다.",폭력이 발생했을 때는 몇 가지 대처 방법이 있습니다.,폭력 대신 대화로 문제를 해결하는 자세가 필요합니다.,"학교에서의 괴롭힘: 만약 누군가가 친구를 괴롭히는 광경을 목격한다면, 우리는 그 장면이 얼마나 아픈 결과를 초래할지를 생각해봐야 합니다.",이처럼 폭력은 개인뿐만 아니라 공동체 전체에까지 악영향을 미칠 수 있습니다.,"폭력의 결과와 그에 내재한 비도덕성을 이해하고, 일상생활에서의 폭력 상황에 민감하게 반응하는 것은 우리 모두의 책임입니다.",신체적 상처: 폭력에 의해 상대방이 다치거나 심각한 상해를 입을 수 있습니다.,"용기 내기: 주위 사람들에게 도움을 요청하거나, 신뢰할 수 있는 어른에게 상황을 알리는 것이 중요합니다.",폭력은 다른 사람에게 신체적 또는 정신적인 피해를 주는 행동입니다.,다음은 유용한 대처 방법입니다.,다음은 폭력적인 상황에 대처하는 몇 가지 방법입니다.,이를 인지하고 민감하게 반응하는 것은 중요합니다.,폭력은 여러 측면에서 비도덕적입니다.,"도움 요청하기: 직접적으로 개입하기 어려운 상황에서, 신뢰할 수 있는 어른에게 도움을 요청하는 것이 중요합니다.",SNS의 언어 폭력: 온라인 상에서의 비난이나 욕설도 심각한 폭력입니다.,"우리는 폭력의 결과를 상상하고, 그가 내포한 비도덕성을 인식해야 합니다.",폭력적인 행동을 하기 전에 상대방의 입장을 생각해보는 것이 중요합니다.,"타인의 존엄성을 침해: 모든 사람은 존중받아야 하고, 폭력은 이를 부정합니다.","폭력을 경험한 사람은 자신의 감정이나 관계에 대한 신뢰를 잃게 되며, 이는 그들의 인생 전반에 부정적인 영향을 미칠 수 있습니다.",타인과의 관계에서 폭력은 절대 용납될 수 없는 행동입니다.,오늘은 '폭력'이라는 주제를 통해 우리 주변에서 일어날 수 있는 여러 상황에 대해 생각해 보겠습니다.,"이러한 행동은 상대방에게 큰 상처를 주고, 그 결과로 관계가 망가질 수 있습니다.",상황 파악: 주변에서 폭력이 발생하고 있는지 주의 깊게 살펴봅시다.,이러한 행동은 개인의 이익을 위해 다른 사람을 해치는 것이기 때문에 도덕적으로 잘못된 행동으로 여겨집니다.,폭력은 힘이나 위협을 사용하여 타인을 해치는 행동을 말합니다.,폭력은 우리 사회에서 결코 용납되어서는 안 되는 행동입니다.,"지금부터 폭력의 결과를 상상해보고, 그 안에 내재한 비도덕성을 이야기해보겠습니다.",폭력적 상황을 인식하기,"폭력은 단순히 몸에 상처를 입히는 것뿐만 아니라, 마음에 깊은 상처를 남깁니다.","우리는 폭력의 결과를 잘 이해하고, 일상생활에서 나타나는 폭력적인 상황을 민감하게 인식하고 대처하는 능력을 기르는 것이 필요합니다.","학교의 집단 따돌림, 온라인에서의 언어폭력 등 여러 상황에서 폭력은 발생할 수 있습니다."
도덕,중학교,1학년,9도03-01,"인권을 존중해야 하는 도덕적 이유를 정당화하고, 인권 침해 사례에 대한 탐구를 통해 그 원인과 해결 방안을 도출함으로써 인권 감수성을 기른다.",공자는 인의 실천 덕목으로서 서(㤎)를 강조했다.,인간 존엄성이란 어떤 의미일까?,사회적 약자에 대한 편견과 차별 의식을 없애야 함.,모든 인간은 마땅히 존중받아야 함.,사회적 약자가 경쟁 과정에서 부당한 차별을 받는다면 일할 권리를 제대로 보장받지 못해 경제적으로 어려움을 겪을 것 같아요.,사회적 약자는 정치적 차별 때문에 기본권을 보장받지 못할 수도 있어요.,국가적 차원에서 제도를 보완해야 해요.,우리는 누구나 사회적 약자가 될 수 있음을 깨달아야 하고 사회적 약자에 대한 공감과 배려가 자연스럽게 녹아 있어야 한다.,사회적 약자의 인권을 보호하기 위해서는 어떤 노력이 필요할까?,사회적 약자를 위한 정책은 때로는 그렇지 않은 사람들에게 기존에 누렸던 혜택의 축소를 가져올 수 있다.,사회적 약자를 배려하고 관련 정책과 제도를 시행하는 것은 모든 사람의 인권 보장과 행복 추구권이 존중되는 사회 건설을 위하여 반드시 필요하다.,"인권은 모든 사람이 태어날 때부터 가지고 있다는 점에서 천부적이며, 그 본질적인 부분은 어떠한 경우에도 침해할 수 없다 는 측면에서 불가침성의 특징을 가진다.",인류 보편의 인권을 지키기 위해 국제적으로 협력해야 해요.,"사회적 약자의 의미: 사회적 약자란 신체적 조건, 집안 형편, 경제적 여건 등이 좋지 않거나 문화적 차이 때문에 사회에서 불리한 처지에 있는 사람들(예: 여성, 노인, 장애인, 비정규직 근로자, 이주민 등)",인권의 특징,따라서 개인의 인식 개선을 넘어 사회의 문화가 인권 친화적일 수 있도록 제도를 보완해야 한다.,일상생활 속에서 인권 감수성을 키우기 위해 노력해야 함.,역지사지의 자세를 통해 사회적 약자의 어려움을 이해할 수 있어야 함.,평등성: 모든 사람이 동등한 권리를 가짐.,일상생활 속에서 인권 감수성을 키우기 위해 노력해야 함.,법과 제도를 보완해야 함. (여성 할당제 등),자신에게는 편리하고 익숙한 제도나 환경이 누군가에게는 넘기 힘든 장벽으로 다가올 수 있다.,농경 사회가 부모의 직업을 대물림해야 하는 사회라면 산업 사화는 개개인이 자신이 원하는 활동을 택하기를 권하는 사회이다.,인간이면 누구나 인간답게 살면서 행복을 추구할 권리가 있다.,"사회적 약자가 겪는 어려움: 정치적 차별에 의한 기본권 침해, 경제적 어려움, 실질적 교육 기회의 불평등, 편견과 차별로 인한 고통",남성 또는 여성에 대한 성차별이 개인의 행복 추구권과 인권 보장에 커다란 장애가 된다는 것을 인식하여야 한다.,"우리의 전통 사회는 남존여비와 남아 선호가 뚜렷했던 남성 중심적 사회였으므로 여성의 사회 생활은 매우 제한적이었고, 가정에서도 남성에 종속되는 수동적인 지위에 머물렀다.","사회적 악자가 겪는 어려움을 공감할 수 있어야 하며, 이를 바탕으로 사회적 약자를 배려하는 것이 모든 인간의 인간다운 삶과 보편적 인권의 보장을 위해 반드시 필요한 일이라는 점을 깨달아야 한다.",사회적 약자의 고통에 공감할 수 있어야 함.,"인간 존엄성의 의미 예: 인(仁)을 강조한 공자. 사랑을 강조한 예수, '널리 모든 인간을 이롭게 하라.'는 단군 신화, '사람이 곧 하늘이다.'라는 동학의 정신",국제 비정부 기구로 인권 학대를 예방하며 권리를 침해 받는 이들을 위하여 정의를 요구하는 행동을 취하고 그에 관한 연구를 수행하는 것을 그 목적으로 삼는다.,"인권은 1세대 인권인 '자유권'에서 2세대 인권인 '평등권', 그리고 3세대 인권인 '연대권'으로 확장되고 있다.",성 역할과 성차별,"여성, 노인, 장애인, 비정규직 노동자, 이주민 등이요.","자비 사상에 따르면, 우리가 우주 만물이나 타인과 불가피한 인과 관계로 맺어져 있다는 상호 의존성을 철저히 깨달을 때 가지가 소중하듯이 남도 소중하다는 사실을 알게 된다.",그렇다면 우리 사회에 사회적 약자는 어떤 사람들일까요?,"인권의 의미 인종과 국적, 재산의 정도, 사회적 지위, 신체적 조건, 성별, 종교 등의 차이와 상관없이 모든 인간이 똑같이 가지는 권리",이렇게 남성과 여성의 생물학적인 측면에서의 차이를 성 차이라고 부른다.,또한 모든 생활 영역에서 차별을 금지하고 사회적 약자의 권익을 효과적으로 보장하기 위한 제도적 장치를 마련해야 한다.,"그래서 남의 기쁨을 같이 기뻐하게 되고 남의 슬픔도 같이 슬퍼하게 되는데, 여기에서 자비의 마음이 나타난다.","또한 인권이 역사적으로 수많은 사람들의 피와 땀의 노력으로 확대되어 왔으며, 지금도 인권을 제대로 누리지 못하고 있는 사람들이 있음을 알아야 인권을 보장하기 위해 노력할 수 있다.","인권이란 무엇이고, 자신은 어떤 권리를 가지고 있고, 다른 사람들은 어떤 권리를 가지고 있는지 아는 것은 인권 보장의 시작이다.",그러기 위해서는 경쟁에서 불리한 위치에 있는 사람들이 최소한의 인간다운 삶이 가능하도록 제도를 보완해야 한다.,"'인간은 자유롭고 평등한 권리를 가지고 태어났다.'는 것을 제1조로, 종교의 자유와 언론의 자유는 법률로서 보호되었고, 소유권은 신성 불가침한 지위를 부여받았으며, 공직과 지위는 중산층에도 개방되었다.",성 역할 고정관념: 관습에 의해 만들어진 성 역할까지 특정 성에만 적합한 것이라는 생각,인간으로서 가지는 기본적이고 보편적인 권리,인권이란 인간으로서 당연히 가지는 기본적이고 보편적인 권리를 의미한다.,"성 차이로 인해 어쩔 수 없이 그 역할이 고정된 것(임신과 출산 등)도 있고, 사회적 $\cdot$ 문화적 관습에 의해 만들어진 것 도 있음.",그들은 정치에 적극적으로 참여하기 어렵기에 자신들에게 불리한 법과 제도가 만들어지고 이로써 기본적 권리가 침해되어 상황이 더욱 어려워지는 악순환이 발생할 수 있어요.,즉 다른 사람의 마음에 공감하는 것이다.,경제적 어려움은 교육뿐만 아니라 여가와 문화생활에서도 불평등을 만들 것 같아요.,"예: 인(仁)을 강조한 공자, 사랑을 강조한 예수, '널리 모든 인간을 이롭게 하라.'라는 단군 신화, '사람이 곧 하늘이다.'라는 동학의 정신","또한 국제 인권 법의 토대로서 수많은 국제 조약과 국제 선언의 전범이 되고 있을 뿐만 아니라, 그 이념과 내용이 수많은 국가의 헌법과 법률에 반영되어 있다.",성 역할 고정관념에서 벗어나야 함.,인권을 보장하기 위해 어떤 노력을 해야 할까?,"아울러 모든 사람이 동등한 권리를 갖는다는 점에서 평등하고, 모든 곳에서 적용된다는 점에서 보편적이다.",밀은 여성의 평등한 투표권을 주장하는 운동을 활발히 펼쳤으며 여성 단체와 함께 의회에 청원서를 제출하였다.,편견과 차별을 넘어 상호 존중과 배려를 할 수 있을 때 우리는 공존과 화합의 길로 나아갈 수 있다.,인권 감수성이란 자신과 타인의 인권 문제에 대하여 민감하게 반응하는 능력을 말한다.,그렇지만 사회적 약자는 여러 가지 어려움으로 인간으로서 당연히 누려야 할 권리인 인권이 제대로 보장되지 않는 경우가 많다.,"국제적으로 협력해야 함.(예: 국제 연합, 비정부 기구)",일상생활 속에서 인권에 대한 감수성을 키우기 위해 노력해야 해요.,편견과 차별로 인한 고통,서(㤎)는 같을 여(如) 자 아래에 마음 심(心) 자를 쓴 것이다.,성 역할 고정 관념: 관습에 의해 만들어진 성 역할까지 특정 성에만 적합한 것이라는 생각,"단군 신화에서는 ""널리 인간을 이롭게 하라.""라고 하였으며, 동학은 ""사람이 곧 하늘이다[人乃天].""라고 하였다.","그래서 산업 사회에 들어서면 남자 일, 여자 일이 분명하게 나누어지지 않고 개인이 적성에 따라 선택을 하게 된다.","공자는 다른 사람을 사랑하는 마음으로 인(仁)을, 석가모니는 남을 깊이 사랑하고 가엽게 여기는 자비(慈悲)를, 예수는 모든 인간에 대한 보편적 사랑을 강조하였다.",제도의 보완: 국가적 차원에서 제도를 보완해야 함.(예: 국가인권위원회 설치),인권을 지키기 위한 노력,남성과 여성은 어떤 차이가 있을까?,"밀은 책을 쓰면서 그의 부인 해리엇의 도움을 많이 받았는데, 이때 생물학적 차이를 근거로 여성의 능력을 낮게 평가하는 관행은 옳지 않다는 것을 깨달았다.",사회적 약자가 겪는 어려움,어떤 일은 특정한 성에 적합하다고 생각하거나 어떤 태도가 남성스럽거나 여성스럽다고 생각하는 것이 성 역할의 예이다.,정치적 차별에 의한 기본권 침해,이 선언이 발표된 이후 60여 개가 넘는 국제 인권 규범이 제정되었다.,사람의 태도나 하는 일이 특정 성에 적합하다는 생각,"즉, 인간은 인종과 국적, 재산의 정도, 사회적 지위, 신체적 조건, 성별, 종교 등의 차이와 상관없이 모두가 존엄한 존재이며, 인간답게 살아갈 권리를 가진다는 것이다.",사회적 약자의 인권을 지키기 위한 노력,내가 사라지면 나의 우주도 사라지기 때문이다.
도덕,중학교,1학년,9도03-02,"외집단에 대한 편견을 비판적으로 분석하고, 타문화⋅타종교⋅타인종을 존중해야 하는 이유에 근거하여 차이와 다양성에 대한 열린 마음을 기른다.",다른 문화에 대해 공감할 수 없을지라도 그 문화가 인류의 보편적 가치에 어긋나지 않는다면 그것을 다양한 삶의 방식 중의 하나로 인정하고 존중할 줄 알아야 한다.,다문화 사회로의 변화 원인,그 결과 우리 문화뿐만 아니라 다른 사회의 문화도 일상 속에서 자주 경험하고 있다.,"북한이나 중국, 러시아 등에 살다가 우리나라로 이주한 동포들과, 운동선수들과 같이 여러 가지 이유로 우리 국적을 획득하는 외국인들이 많아졌다.",지구 전체가 하나의 마을과 같은 지구촌화가 되면서 우리나라뿐만 아니라 대부분의 국가가 다문화 사회로 빠르게 변화하고 있다.,보통 아빠 보다는 엄마가 외국인인 경우가 많으나 한국어에 서툰 엄마가 자녀에게 한국어를 제대로 가르치지 못하고 있다.,학생들의 한국어 실력이나 한국 문화에 대한 이해가 증진되어 학습이나 학교생활을 하는 데 지장이 없다고 판단되면 학생들은 원래 다니던 일반 학교로 되돌아가게 된다.,다른 문화에 대한 편견을 없애야 함.,우리나라로 귀화하는 사람들이 늘어나고 있기 때문이에요.,각각의 문화가 고유한 전통과 역사를 갖고 있다고 할지라도 그러한 문화의 가치를 무조건 인정할 필요는 없다고 본다.,국내에 머무는 외국인이 늘어나고 있기 때문이에요.,인천한누리학교는 다문화 가정 학생들을 위한 대안 학교로서 교육부와 인천광역시의 예산 지원을 받아 2013년에 세워졌다.,자문화 중심주의가 있어요.,문화를 바라보는 관점,교통과 통신의 발달과 국가 사이의 자유로운 이동,역사 속에서 이러한 관점은 자신의 문화를 다른 문화에 강요하는 문화 제국주의의 형태로 나타나 인류에게 커다란 재앙을 가져오기도 하였다.,"다문화 사회가 되면서 여러 가지 갈등이 발생할 수 있는데, 이를 어떻게 해결하여 더불어 살아가는 사회를 만들어 가느냐가 우리 사회의 핵심 과제로 떠오른 것이다.",다양한 문화를 가진 사람들이 평화적으로 공존하도록 제도를 보완해야 함.,다문화 사회에서 발생하는 문제,"서양이나 중국 문화와 같은 특정 문화를 기준으로 선진 문화와 미개 문화를 구분해서는 안 되며, 각 문화는 그 나름대로의 고유성이 있으므로 그 가치를 인정해야 한다.",따라서 특정 문화를 기준으로 다른 문화를 비난하거나 비판하는 것은 잘못이라는 것이다.,"일반 학교와 비교할 때 영어, 수학 등 정규 교육 과정 수업을 50퍼센트 정도 하고, 나머지 50퍼센트 수업은 한국어 및 다문화 교육에 집중하는 특성화 교육 과정을 운영하고 있다.",이는 자신의 문화적 정체성을 스스로 부정하게 한다는 문제점이 있다.,"<table style=""border-collapse: collapse; width: 100%; text-align: left;""> <tr> <td style=""border: 1px solid; padding: 10px; width: 20%;"" rowspan=""2"">우리 안에 있는 다문화의 모습은 무엇인가?</td> <td style=""border: 1px solid; padding: 10px;"">우리 안의 다문화 모습</td> <td style=""border: 1px solid; padding: 10px;"">우리 주변의 다문화 모습</td> </tr> <tr> <td style=""border: 1px solid; padding: 10px;"">다문화 사회로의 변화</td> <td style=""border: 1px solid; padding: 10px;"">다문화 사회의 의미, 다문화 사회로의 변화 원인</td> </tr> <tr> <td style=""border: 1px solid; padding: 10px; width: 20%;"" rowspan=""2"">자문화와 타 문화를 어떻게 바라볼 것인가?</td> <td style=""border: 1px solid; padding: 10px;"">문화를 바라보는 관점</td> <td style=""border: 1px solid; padding: 10px;"">자문화 중심주의, 문화 사대주의, 문화 상대주의, 문화 다원주의</td> </tr> <tr> <td style=""border: 1px solid; padding: 10px;"">자문화와 타 문화를 대하는 바람직한 자세</td> <td style=""border: 1px solid; padding: 10px;"">우리 문화의 이해, 다른 문화에 대한 열린 자세, 자문화와 타 문화에 대한 비판적 성찰</td> </tr> <tr> <td style=""border: 1px solid; padding: 10px; width: 20%;"" rowspan=""2"">다문화 사회의 갈등을 해결하려면 어떻게 해야 할까?</td> <td style=""border: 1px solid; padding: 10px;"">다문화 사회에서 발생하는 문제</td> <td style=""border: 1px solid; padding: 10px;"">편견과 차별, 정착의 어려움, 자녀 양육과 교육의 어려움</td> </tr> <tr> <td style=""border: 1px solid; padding: 10px;"">건강한 다문화 사회를 위한 노력</td> <td style=""border: 1px solid; padding: 10px;"">편견의 극복, 역지사지의 자세, 다른 문화에 대한 인정과 존중, 제도의 보완</td> </tr> </table>",다문화 가정의 경우 언어의 소통이 원활하지 않을 뿐만 아니라 사회 제도나 시설 등에 관한 정보에 접근하는 것도 쉽지 않아 자녀들의 양육과 교육에 어려움을 겪기도 한다.,자문화와 타 문화를 대하는 바람직한 자세,다문화의 여러 유형 1. 용광로 모델: 다수자 문화와 소수자 문화 등 다양한 문화를 용해하여 새로운 통합적 문화를 창출하는 것이다.,우리 문화에 대하여 제대로 알아야 해요.,다양한 문화를 인정하고 존중하는 자세를 가져야 함.,다른 문화를 열린 자세를 바탕으로 존중할 줄 알아야 함.,다문화 사회로의 변화는 우리에게 어떤 영향을 미칠까?,배우자의 국적에 대한 편견이 약화되면서 최근에는 국제결혼이 자주 이루어지고 있어 다문화 가정이 증가하고 있다.,"긍정적 측면 다양한 인종과 민족, 언어, 종교, 생활 방식 등을 접하게 됨으로써 개방적이고 국제적 마인드를 갖추게 됨.","언어와 예절, 법과 제도 등이 다른 곳에 정착한다는 것은 쉬운 일이 아니다.",다양한 문화를 가진 사람들이 평화적으로 공존하도록 제도를 보완해야 해요.,"낯선 문화에 대하여 역지사지(易地思之)의 자세를 발휘하여 그 문화의 입장에서 그 문화가 만들어진 사회적, 역사적 배경을 이해한다면 그 문화에 담긴 진정한 의미를 깨닫고 그것에 공감할 수 있을 것이다.",다시 말해 백인과 한국인(여기서 백인은 미국이나 유럽인을 지칭)이 이룬 가정을 다문화라고 보기 보다는 동남아나 동유럽 거주민과 한국인이 이룬 가정을 다문화로 인식하는 경향이 커지고 있다는 것이다.,"우리 사회는 다문화 사회로 빠르게 변화하고 있고, 그러한 변화는 우리 문화를 풍요롭고 건강하게 하는 장점이 있다.",다른 문화에 대한 편견을 없애야 함.,자문화 중심주의: 자신의 문화만이 옳고 가장 우수한 것으로 생각하여 자기 문화의 관점에서 다른 문화를 부정적으로 바라보는 관점,우리에게는 낯선 문화라 할지라도 그것이 만들어진 나름의 배경이 있기에 우리의 눈이 아니라 그 문화 속에서 살아가는 사람들의 관점에서 상대방의 문화를 이해하고 존중해야 한다.,자문화와 타 문화를 비판적으로 성찰하는 자세를 가져야 함.,다문화 사회로의 변화,"원시 문화나 미개 문화라고 불리는 문화에도 나름대로의 규칙과 논리, 체계성이 있기 때문에 특정 문화를 기준으로 다른 문화를 경시하는 태도는 잘못이다.",다양한 문화를 가진 사람들이 평화적으로 공존하도록 제도를 보완해야 함.,우리는 우리 문화와 다른 문화를 어떤 자세로 바라보아야 할까?,그래서 문화 상대주의는 문화의 우열을 판단할 수 있는 절대적 기준은 존재하지 않는다고 하면서 각각의 문화가 지닌 고유한 가치를 인정해야 한다고 주장한다.,"그러다 보니 언어적 발달 장애를 겪게 되고 학교에서 친구들로부터 소외되며, 학습부진아가 되는 경우가 생기고 있다.",오늘날 세계화 시대에 국가들 사이의 문화 교류가 대규모로 빠르게 이루어지고 있다.,사회적 차별을 극복하고 다양한 문화가 안정적으로 정착하기 위해서는 사람들의 의식 개선과 더불어 '다문화가족지원법’ 등과 같은 법적·제도적 지원이 함께 이루어져야 한다.,다문화 사회의 의미: 문화적 배경이 서로 다른 사람들이 함께 어울려 사는 사회,다른 문화를 가지고 있는 사람들이 우리나라에 정착하는 데 어려움을 겪고 있음.,"다양한 국가 출신의 학생들이 재학하고 있으며, 이들과의 원만한 의사소통을 위해 중국, 몽골, 우즈베키스탄 출신 등의 다문화 언어 강사들도 있다.",구 모양의 모형에 여러 나라의 국기가 그려져 있다.,"각 국의 사람들이 손을 맞잡고 있고 학생이 선생님께 '선생님, 우리는 하나인가요? 여럿인가요?' 라고 묻자 선생님이 '우리는 여럿이면서 하나랍니다.'라고 답하고 있다.","문화는 각 사회의 특수한 자연적, 사회적 환경 속에서 오랜 세월 동안 축적되어 온 생활양식으로 다양한 모습을 갖고 있다.",문화 절대주의에 대한 반발로 등장한 것이 문화 상대주의이다.,역지사지(易地思之) 상대방의 처지와 바꾸어 생각해 봄,"수저를 사용해서 식사하는 모습, 포크와 나이프를 사용하여 식사하는 모습, 손을 사용하여 식사하는 모습을 나타낸 이미지",특히 다문화 가정의 상당수가 우리 사회에서 중간 이하의 소득 수준에 머물고 있는 등 경제적으로 어려움을 겪고 있다.,다양한 문화를 인정하고 존중하는 자세를 가져야 함.,다문화 사회의 의미: 문화적 배경이 서로 다른 사람들이 함께 어울려 사는 사회,"특정 문화권에 대한 비합리적인 호감 또는 거부감에 의해 일상생활과 직장, 학교 등에서 차별적인 대우를 받는 경우가 있다.",다른 문화에 대한 편견을 없애야 함.,자문화 중심주의와 문화 사대주의가 그러한 문화 절대주의적 관점을 갖고 있다.,이주민들이 느끼는 감정을 공유하고 그들의 어려움을 살피고 배려하며 실수와 잘못을 너그럽게 받아들이고 이해하는 관용의 태도가 필요하다.,그렇다면 우리는 어떠한 관점에서 다양한 문화를 바라보아야 할까?,건강한 다문화 사회를 위한 노력,문화 절대주의는 문화의 다양성과 상대성을 간과함으로써 다른 문화를 편협한 시각으로 보면서 자기 문화만을 중시하는 국수주의에 빠지기도 한다.,다문화 사회로의 변화 원인 국제 결혼의 증가,다른 문화를 이해하고 공감하기 위해 노력해야 함.,다른 문화에 대한 편견을 없애야 해요.,다문화 가정의 경우 자녀들의 양육과 교육에서 어려움을 겪고 있어요.,일상생활 속에서 우리와 다른 문화를 가진 사람을 쉽게 만날 수 있음.,다른 문화를 이해하고 고감하기 위해 노력해야 함.,문화 사대주의: 국력이 강한 나라의 문화는 모든 면에서 우수 한 것으로 간주하여 동경하거나 숭상하고 자신의 문화는 열등한 문화로 생각하여 가볍게 여기는 관점,다문화 가정에서 자녀를 양육하고 교육하는 과정에서 어려움을 겪고 있음.,교통과 통신이 발달하여 국가 사이의 이동이 자유로워졌기 때문이에요.,다른 문화에 대하여 이해하고 공감하기 위해 노력해야 해요.,자문화 중심주의는 자신의 문화만이 옳고 우수한 것으로 생각하여 자기 문화의 관점에서 다른 문화를 부정적으로 바라보는 관점이다.
도덕,중학교,2학년,9도03-03,"북한에 대한 이해를 바탕으로 분단의 문제점을 분석하고, 도덕적 가치에 기초하여 통일의 의미를 재구성함으로써 바람직한 남북관계 및 통일의 방향을 제안할 수 있다.",북한 당국은 독재 유지를 위해 통치 이념으로 주체 사상을 강조하고 있다.,자신들의 삶의 가치 자유롭게 추구,"변화의 모습: 경제난으로 중앙의 통제력이 약화, 사유 재산과 시장 경제의 모습이 나타남. 민간에서 자본주의가 자생적으로 발달함.",통일 한국의 바람직한 모습,통일이 필요한 이유,북한 사회는 우리 사회와 어떻게 다르며 어떤 특징을 가지고 있을까?,자유와 인권이 보장되는 평화로운 공동체,오늘날의 북한 사회,학생 교복 규제는 엄격함.,경제적 어려움,1당 • 1인 독재,북한은 우리와 동반자이자 협력의 대상임. 분단 이전 하나의 나라로 지내오며 언어와 문화가 동일함.,북한의 생활 격차,생산 수단의 개인 소유를 불허함.,안보를 바탕으로 평화적 통일을 추구해야 함.,북한은 사회주의 국가임을 내세워 평등한 사회일 것처럼 비칠 수 있지만 실상은 그렇지 않다.,북한을 바라보는 균형적 시각,자신들의 꿈과 재능을 마음껏 펼침.,통일에 대한 관심과 열정,"‘인조고기’, ‘두부밥’ 등 콩 가공품이 인기임.","북한 체제가 우리를 도발하는 위협에는 경계하고 대처해야겠지만, 주민들은 열린 마음을 가지고 대해야 해요.",당국에서 주택 배정: 개인 거래 금지됨.,또한 최근에는 핵무기 개발과 미사일 실험 등으로 전쟁에 대한 불안감을 높이고 있어 각별한 주의와 경계가 필요하다.,북한의 의복 생활,북한은 우리와 동반자이자 협력의 대상임. 공통점을 바탕으로 분단을 극복하고 평화를 이륙해야 함.,북한 주민의 삶,북한 사람들도 우리처럼 밥을 주식으로 한다.,북한 이탈 주민의 생활,"사회주의는 토지와 공장 같은 생산 수단을 개인이 소유하는 것을 인정하지 않으며, 노동당과 사회 협동 단체가 이를 소유한다.",편견과 배타성을 극복하려는 자세가 필요함.,공감적으로 북한 주민 이해하기,1당 · 1인 독재: 표면적으로는 3권 분립 체제를 갖추었으나 실질적으로는 1당 · 1인 독재임.,사유 재산과 시장 경제의 모습이 나타남.,사회주의 경제 체제,역사적 • 민족적 측면,북한은 1당 • 1 인의 독재 체제예요.,남한 사회 적응에 어려움을 느낌.,북한 체제와 주민을 분리하여 인식하기,남북한의 기술과 자원의 결합,한국인의 정체성을 바탕으로 한 세계 속의 한국,북한의 주거 생활,"직업을 얻는 데도 출신 성분을 따지기 때문에 계층 이동이 대단히 제한적이며 계층 간 생활 수준의 차이가 크고, 평양과 같은 대도시는 특정한 계층의 사람만이 거주할 수 있다.",주체사상을 통해 독재를 정당화함.,이산가족의 아픔 치유,동북아 경제 발전에 기여,중앙 집권적인 계획 경제를 실시함.,동질성 회복으로 화합과 번영 추구,북한을 제대로 이해하기,북한 이탈 주민과 통일의 과제,"계층 간, 도농 간 생활 격차가 큼.",통일 한국의 발전 방향 상상,분단 이전 하나의 나라로 지내 오며 언어와 문화가 동일함.,남북 주민의 안전과 생활에 대한 위협: 무력 도발과 전쟁 위협,아울러 중앙 집권적인 계획 경제를 실시해 주민들이 생활하는 데 필요한 물품의 종류와 양을 중앙에서 결정하여 생산하고 배급한다.,주변국 모두에게 평화와 번영을 가져옴.,철저한 사상적 통제,간첩과 무력 충돌로 안전과 평화를 위협함.,복지 혜택의 고른 분배,통일 과정에 대한 국민적 합의와 공감대가 필요함.,복장 규제로 주로 인민복 착용,남북이 이런 공통점을 바탕으로 서로를 동반자로 여기고 협력할 때 분단을 극복하고 평화와 번영을 이룩할 수 있을 것이다.,전통문화에 뿌리를 두고 동질성 회복,주인 의식 기르기,자유 민주주의를 기본 이념으로 함.,시장 확대와 관광 산업 활성화,직업 선택의 어려움,북한 사람들은 정치사상의 자유를 인정받지 못하므로 당에서 지시하는 방식대로만 생각하고 말할 수 있다.,북한은 군사적 도발을 일으키는 경계의 대상임.,북한은 철저하게 사상을 통제해요.,인도주의적 측면,"북한 주민은 우리와 역사적 전통을 공유하고 있는 동반자이자, 협력의 대상으로 생각할 수 있어요.",다음으로 북한 주민의 삶의 모습을 알고 북한 주민에 대한 바른 시각을 가져야 한다.,정치사상의 자유가 없음.,핵 실험과 미사일 개발 등으로 전쟁 불안감이 고조됨.,문제 해결 능력 배양,교통과 통신의 새로운 중심지로 부상,"또한 순대와 만두, 비빔밥 등 우리에게 친숙한 음식들이 북한의 서민들에게도 인기가 있다.",최근에는 경제난으로 주택 부족이 심각한 편이다.,한반도를 둘러싼 군사적 긴장 상태가 해소됨.,분단국가의 아픔과 손실
도덕,중학교,2학년,9도03-04,"정의로운 사회를 상상해보고, 이를 실현할 수 있는 정의의 원칙과 제도에 대한 다양한 의견들을 민주적인 방식으로 종합할 수 있다.","함무라비 법전, 고조선의 8 조법 등",사회의 부패를 예방하기 위한 제도로서 공익 신고자 보호법을 소개하고 있다.,경쟁의 긍정적 측면: 개인과 사회 발전의 원동력이 됨.,부패를 예방하기 위한 노력,사회의 잘못된 분위기에 의해 부패가 발생해요.,경쟁의 조건이 공정한 절차에 의해 만들어져야 함.,모든 사람에게 규칙이 평등하게 적용되어야 함.,경쟁의 결과가 정당해야 함.,우리 조상들의 '청백리'의 자세를 본받기 위해 노력해야 함.,만약 경쟁이 없다면 현실에 안주하여 발전을 이루기 어려울 것이다.,롤스가 생각한 정의로운 분배의 원칙,경쟁의 조건이 공정한 절차에 의해 만들어져야 함.,지나친 경쟁의 문제점,빈부 격차가 심화될 수 있음.,우리는 이러한 ‘청백리 정신'을 오늘날에 되살리려는 노력이 필요하다.,사회 정의의 실현이 중요한 이유는 무엇일까?,반면에 정의롭지 않은 상태가 지속된다면 결국 사회 구성원들이 사회를 불신하고 부끄럽게 여겨 공동체 자체가 와해될 수도 있다.,개개인이 이렇게 노력할 수 있는 여건이 만들어질 때 사회는 더욱 발전할 수 있다.,부패의 발생 원인과 문제점,따라서 경쟁의 규칙은 사회적 합의를 거쳐 만들어져야 한다.,"연줄주의가 개인과 그 소속 집단에게는 가장 적합한 상호 작용 관계를 형성하며 교환 행위를 취한다고 볼 수 있지만, 사실 사회 전체로 확대해 보면 그 행위는 부정적인 효과를 종종 야기한다.",모든 사람에게 규칙이 평등하게 적용되어야 함.,사회 제도가 허술한 경우,"이때 공정성이란 ‘절차의 공정성을 가리킨다. 사회 구성원들이 공정한 절차를 거쳐 일정한 정의 원칙에 합의를 한다면, 그것은 정의로운 것이 된다.",공정한 경쟁과 상호 협력을 증진하여 사회를 발전시킴.,국가적 측면에서 제도적 장치를 보완해야 함.,"또, 시민 사회의 감시 활동이 활성화될 수 있도록 이에 적극적으로 관심을 가지고 참여할 필요가 있다.",협력을 하지 않게 되어 효율성이 저하될수 있음.,경쟁의 긍정적 측면: 개인과 사회 발전의 원동력이 됨.,국가적 측면에서 부패를 예방하기 위한 제도적 장치를 보완해야 해요.,치열한 경쟁의 과정에서 빈부 격차가 심화되고 사회적 약자가 소외되는 문제도 발생할 수 있다.,"부패가 발생하지 않도록 공정하고 투명한 규칙을 만들고, 비판과 견제가 이루어질 수 있는 제도적 장치를 만들어야 하며, 발생한 부패에 대해서는 그에 합당한 처벌이 이루어져야 한다.",지나친 경쟁의 문제점 협력을 하지 않게 되어 효율성이 저하될 수 있음.,그렇다면 부패는 왜 생기는 것일까?,공동체 의식을 약화시킬 수 있음.,따라서 사회 정의는 도덕 공동체 실현의 전제 조건이라고 할 수 있다.,모든 구성원의 인간다운 삶을 보장하기 위해 필요함.,모든 구성원의 인간다운 삶을 보장하기 위해 필요함.,"공정하지 못한 수단과 방법을 사용한 사람을 보상에서 제외하고, 공정하게 규칙을 잘 지켜 승리한 사람에게 더 많은 보상이 주어질 때 경쟁이 공정하게 이루어 졌다고 할 수 있다.",부패(腐敗)란 무엇일까?,자신이 원하는 것을 얻기 위한 기회가 공평하게 제공되고 분배가 공정하게 이루어질 때 우리는 더욱 열심히 노력하게 된다.,"연고주의를 설명할 때, 연결주의와 연줄주의를 구분할 필요가 있다.",사회 • 문화적 측면에서 잘못된 풍토를 개선해야 함,개인적인 측면에서 윤리 의식을 강화해야함.,일반적으로 부패란 개인이나 집단이 도덕적으로 타락하여 법과 규칙을 준수하지 않고 자신의 이익을 위해 지위나 권한을 부당하게 사용하는 것을 의미한다.,경쟁 상대가 없을 때보다 경쟁 상대가 있을 때 사람들은 그 경쟁에서 살아남기 위해서 더 많은 노력을 기울이게 된다.,사회 정의가 지켜질 때 우리는 자신의 양심에 따라 자유롭게 행동할 수 있고 자신의 정당한 말과 행동으로 인해 부당하게 차별받지 않게 된다.,경쟁의 의의와 한계,"분배적 정의란 재화, 직위, 명예 등을 사람들에게 공정하게 나누어 주는 것이에요.",이러한 경쟁은 긍정적인 측면도 있지만 문제를 일으키기도 한다.,사회 정의의 의미와 사 회 정의의 중요성을 이해하여 우리가 왜 정의로운 사회를 추구해야 하는지 스스로 고민할 수 있어야 한다.,사회 제도가 허술한 경우 부패가 발생할 수 있어요.,"청렴(清廉): 성품과 행실이 높고 맑으며, 탐욕이 없음.",사람들은 자신의 삶의 목표를 이루기 위해 서로 협동을 하기도 하지만 때로는 경쟁을 하기도 한다.,지나친 경쟁의 문제점 구성원 사이의 갈등을 일으킬 수 있음.,사회 정의는 모든 구성원의 인간다운 삶을 보장하기 위해 반드시 필요해요.,응보적 정의 : 잘못된 행동에 대해서 그에 맞는 벌을 내리거나 보상을 하도록 하는 것과 관련된 정의.,청백리: 관직 수행 능력과 청렴의 덕목을 겸비한 이상적인 관리에게 수여되는 명예로운 호칭.,응보적 정의란 잘못된 행동에 대해서 그에 맞는 벌을 내리거나 보상을 하도록 하 는 것이에요.,사회 정의의 의미,사회적 약자에 대해 배려해야 해요.,우선 경쟁은 개인과 사회 발전의 원동력이 된다.,경쟁이 생기는 이유: 사람들이 원하는 재화나 가치가 사람들의 욕구에 비해 항상 부족하기 때문에,"이 둘 모두 영어로는 네트워크 (network)이지만, 후자는 지연이나, 혈연, 학연처럼 특수주의적이고 폐쇄적인 관계인 반면, 전자는 보편주의적 성격에 의해 맺어 지는 개방적 관계이다.",모든 사람에게 규칙이 평등하게 적용되어야 해요.,개인적인 이기심 때문에,"이렇게 경쟁을 하는 이유는 재화나 가치의 희소성 때문이다. 재화나 가치가 사람들이 원하는 만큼 충분히 있다면 서로 경쟁을 할 필요가 없지만, 재화나 가치가 부족하기 때문에 그것들을 차지하기 위해 서로 경쟁을 하게 된다.",예를 들어 국가에서 누구에게 어떤 종류의 훈장을 주는 것이 정의로 운가?,사회 정의(正義)란 무엇일까?,"미국의 철학 사상가인 롤스(Rawls, J.,1921 2002)는 '공정성으로서 정의'를 주장한다.",공정하게 분배한다는 것 이 항상 능력에 따라 나누는 것만을 의미하지는 않아요.,"하지만 지나친 경쟁은 사람들 사이에 갈등과 불화를 일으킬 수 있고, 사회 구성원 간의 신뢰를 무너뜨려 공동체 의식을 약화할 수 있다.",우리 사회를 도덕 공동체로 만들기 위해 필요함.,지나친 경쟁의 문제점 빈부 격차가 심화될 수 있음.,잘못된 행동에 대해서 그에 맞는 벌을 내리거나 보상을 하도록 하는 것.,"응보적 정의 를 잘 보여 주는 예로는 ""눈에는 눈, 이에는 이""라는 원칙을 가졌던 함무라비의 법전이나 ""사람을 죽이면 그때에는 사형에 처한다."", ""서로 상하게 하면 곡식으로 배상하게 한다.""라는 고조선의 8 조법 등이 있다.",개인이나 집단이 도덕적으로 타락하여 법과 규칙을 준수하지 않고 자신의 이익을 위해 지위나 권한을 부당하게 사용하는 것.,"분배적 정의: 재화, 직위, 명예 등을 사람들에게 공정하게 나누어 주는 것.",규칙을 공정하게 제정하는 것과 그 규칙을 공정하게 적용하는 것은 또 다른 문제이다.,사회 정의가 실현되지 않는다면 사람들은 잘못을 저질러도 처벌을 받지 않을 수 있다고 생각하기 때문에 자신의 양심에 어긋나는 비도덕적인 행동을 쉽게 하게 된다.
도덕,중학교,2학년,9도03-05,"국가와 시민 사이에서 발생하는 윤리적 쟁점들을 탐구하고, 국가와 시민 사이의 바람직한 관계에 기초하여 국가와 시민의 역할을 재구성할 수 있다.",우리 모두가 행복하게 살아가기 위해 필요해요.,따라서 시민들이 성숙한 시민 의식으로 자발적으로 법과 규범을 준수할 때 사 회는 안정되게 유지되고 발전할 수 있다.,노사정위원회란 노동 정 책 및 이와 관련된 산업 • 경제 • 사회 정책 등 을 협의하는 사회적 대화 기구를 뜻해요.,법을 지키는 것이 우리 모두에게 이익을 가져다주기 때문에 지켜야 해요.,따라서 정의로운 국가를 만들기 위해서 시민들은 준법 의식과 질서 의식을 길러야 한다.,민주적 절차를 존중하는 태도,민주적 절차를 존중하는 태도,만약 정부가 시 민의 기본권을 보호하는 것이 아니라 오히려 침해하여 정부의 설립 목적에 어긋나는 행위를 한다면 시민들은 정부에 저항할 수 있다.,따라서 법은 우리 스스로가 한 약속이므로 당연히 지켜야 한다.,수단의 비폭력성,"국가의 의미: 일정한 영토와 거기에 사는 사람들로 구성되고, 스스로 통치할 수 있는 주권을 가지고 있는 사회 집단",법을 지켸야 하는 이유 스스로의 약속이기 때문에,이러한 맹목적인 애국심은 다른 국가에 피해를 줄 뿐만 아니라 사회 내부적으로도 국가의 이익을 위해 국민의 기본 권과 인간의 존엄성을 침해할 우려가 있다.,"시민들은 자신이나 가족의 문제에만 관심을 가져서는 안 되며 나아가 이웃이나 사회, 국가의 문제에도 적극적인 관심을 지녀야 한다.",법은 모든 국민의 정의롭고 행복한 삶이라는 공공선을 추구한다.,법에 따른 통치,국가의 역할 국민의 인간다운 삾 보장,국가는 사회의 질서를 유지해요.,법에 따라 국가를 통치해야 해요.,로크의 ‘시민 정부론 $\$ - 국가의 기원과 역할,시민 불복종의 도덕적 정당화 조건 목적의 정당성: 공공선의 추구,국가의 역할 사회의 질서 유지,국민들의 복지 증진,일정한 영토와 거기에 사는 국민으로 구성된 국가는 스스로를 통치할 수 있는 주권(主權)을 가지고 있는 사회 집단을 의미한다.,법에 따른 통치,이를 사전에 예방하기 위해 국가는 법률 을 제정하여 모든 사람들이 질서를 유지하면서 조화롭게 살 수 있도록 해 준다.,"법이란 아무리 엄밀하게 만들어도 위법한 행위를 다 막을 수는 없으며, 또한 법 이 너무 엄밀하면 오히려 시민들의 자유를 지나치게 제한하는 부작용이 발생한다.",莫見乎隯(막현호은) 숨겨진 것처럼 잘 드러나는 것은 없으며 莫顥乎微(막현호미) 미세한 것처럼 잘 나타나는 것은 없다.,공동체의 의사를 결정할 때 다양한 의견을 외면하고 민주적 절차를 무시하면 사회적 갈등과 혼란이 발생한다.,따라서 시간이 걸리더라도 민주적 절차를 존중 하는 것이 결국은 가장 빠른 길이라는 점을 알아야 한다.,결국 정의로운 국가는 국민이 바람직한 시민으로서의 자질을 갖추었을 때 에 가능하다는 것을 깨달아 일상생할 속에서 사회 구성원으로서의 책임과 의무를 다하기 위해노력해야 한다.,인류의 역사 속에서 나치즘이나 일본의 군국주의는 맹목적 애국심의 대표적인시례로 인류에게 커다란 피해를 끼쳤다.,정의로운 국가를 만들기 위해서: 사회와 국가의 정의를 지키는 최후의 수호자는 불의에 저항하는 시민임.,시민 불복종의 의미: 공공선을 위해 국가의 정책이나 법에 불복종하는 것,정의로운 국가를 만들기 위해서 시민들은 정의감을 바탕으로 부당한 차별에 저항하고 모든 사람들의 인권을 평등하게 존중하는 인권 의식을 길러야 한다.,목적이 아무리 숭고할지라도 그 수단이 폭력적이라면 다른 사람의 분노와 증오를 남겨 또 다른 폭력을 부르는 폭력의 악순환으로 이어질 수밖에 없다.,스스로의 약속이기 때문에,공적인 일에 관심을 갖고 적극적으로 참여하는 태도를 지녀야 해요.,플라톤은 민주 정치를 중우정치(衆愚政治)라고 하며 비판했어요.,민주적 절차를 존중하는 태도를 가져야 해요.,$\begin{array}{l}\text { 공적인 일에 관심을 가지고 적극적 } \\ \text { 으로 참여하는 태도 }\end{array}$,이해관계가 서로 다른 사람들 사이에서는 갈등과 분쟁이 발생할 수 있다.,그런데 공동체가 지속되기 위해서는 질서가 유지되어야 한다.,민주적 절차 보장과 국민 주권의 실현,인권을 존중하는 태도,법이란 국가 권력에 의해 강제되는 사회 규범으로 이를 어길 때에는 처벌이 따른다.,"만약 권력자가 법에 의거하지 않고 자기 마음대로 통치를 한다면, 이는 민주 국가가 아닌 독재 국가일 것이다.","영국의 사상가인 로크(J. Locke, 1632 1704)는 「시민 정부론,에서 시민 정부의 기원, 범위, 목적에 관해서 설명하고 있다.","또, 외국에 나가 있는 우리 국민이 그 국가에서 부당한 대우를 받지 않도록 노력한다.",사회의 질서 유지,자신의 이익만을 위해서 법을 지키지 않거나 기본 질서를 어지럽히는 사람들이 늘어나면 사회는 혼란에 빠지게 된다.,모든 권력은 국민의 동의에서 나오기 때문에 국가는 중요한 정책이나 법률을 만들 때 시민들의 의견을 반영해야 한다.,그래서 사람들은 자신의 기본권을 보장받기 위해서 사회 계약을 통해 시민 정부를 만든다.,국민의 인간다운 삶 보장,공동체를 유지하고 공동체 속에서 살아가기 위해 지켜야 해요.,민주주의는 다수의 의견을 반영한다는 장점도 있지만 때로는 다수의 이익을 위 해 사회의 정의가 훼손될 수도 있다.,우리 모두에게 이익을 가져다주기 때문에,"맹목적이고 배타적인 애국심이 아니라, 인류의 보편적 가치에 따 라 분별력 있게 나라를 사랑하는 마음을 가져야 정의로운 국가를 만들 수 있다.",인권을 존중하는 태도,"모든 국민의 자유와 평등, 인권을 보장해야 해요.",국민의 자유와 평등. 인권 보장,그렇다 면 국가는 왜 필요할까?,정의로운 국가를 만들기 위해서: 사회와 국가의 정의를 지키는 최후의 수호자는 불 의에 저항하는 시민임.,"故君子槙其猲也,(고군자신기독야) 그러므로 군자는 홀로 있을 때도 삼간다.",그는 아테네가 몰락한 원인을 중우정치에서 찾았어요.,건전한 애국심을 가져야 해요.,우리 모두의 행복한 삶을 위해서: 모든 시민이 자신의 책임 과 의무를 다하고 서로 배려할 때 우리의 삶이 행복해짐.,"이를 바탕으로 정의로운 국가를 만들고 유지하기 위해서는 시민으로서 인권을 소중히 여기고 민주적 절차를 존중하며, 공공선을 중시하는 자질과 아울러 분별력 있는 애국심을 가져야 한다는 것을 깨달아야 한다","또, 공원이나 녹지, 문화 시설을 확충하고 다양한 복지 정책을 실시하여 국민의 삶의 질을 높이고 있다.",국가는 시민의 어려움이나 고통을 덜어 주고 시민이 풍요롭고 행복한 삶을 살 수 있도록 해야 한다.,사회와 국가의 구성원으로서 바람직한 시민 의식이 중요한 이유는 무엇일까?,"오늘날의 민주주의 사회에서는 국민의 대표에 의해 법이 만들어지므로, 법은 결국 국민 모두가 만들어서 지켜야 하는 규범으로서의 의미가 있다.",결국 목 적은 사라지고 폭력만 남는 비극에 빠질 수가 있다.,"그는 근대 민주주의의 기본 원리가 되고 있는 국민 주권, 권력 분립, 저항권 등을 주장한다.",민주적 절차 보장과 국민 주권의 실현,국가는 모든 국민의 인간다운 삶을 위해 노력해요.,시민으로서 법을 지키는 것은 당연한 의무이지만 잘못된 법이나 정책도 무조건 따라야 할까?,국가가 사회를 관리하고 운영할 때 국가는 정당한 헌법이나 법률에 따라야 한다.,"국가는 국민의 생명과 인권, 재산을 지켜 줘요.",정의로운 국가가 되기 위해서는 어떤 조건을 갖추어야 할까?
도덕,중학교,1학년,9도03-06,"인류의 고통에 공감하며 지구적 차원의 다양한 도덕 문제들을 탐구하고, 해결 방안을 모색하여 실천하는 자세를 갖는다.",그렇다면 세계 시민으로서 우리가 관심을 가져야 할 지구 공동체의 문제에는 구체적으로 어떤 것이 있을까?,"그리고 변화에 대응할 수 있는 능동성과 변화지향적인 가치관을 함께 지녀야 하며, 민주 시민으로서의 자질을 갖추어야 한다.","교통의 발달로 사람들의 국제적 이동이 빠르고 편리하게 이루어지고 있으며, 상품을 비롯한 물건의 이동도 대규모로 이루어지고 있다.",인권의 보장과 관련된 문제,"다민족, 다인종, 다문화 사회로 변화하고 있음.","현대사화는 다극화되면서 국가 간의 실리를 추구하는 과정에서 분쟁이 발생하게 되고, 이러한 분쟁으로부터 지역적 국지적 분쟁의 발생과 격화로 인한 국지전 발생이 잦아지고 있다.","지구 공동체의 문제를 해결하기 위해 지구적 관점과 인류애를 바탕으로 한 개인적 차원의 노력, 법과 제도를 개선하고 강화하는 국가적 차원의 노력 그리고 국제적인 단체를 바탕으로 한 국제 협약을 통한 근본적인 해결 등의 다양한 노력을 해야 한다.","예를 들어 우리가 사용하는 옷이나 신발과 같은 물건이 다른 나라에서 아주 낮은 임금으로 생산된다면, 우리는 그 지역 노동자들의 희생으로 덕을 보고 있는 것이다.",지구 공동체의 문제는 지구적 관점에서 생각해야 함.,우리가 직면하는 지구 공동체의 문제는 바로 이 순간을 살아가는 우리들의 삶의 방식이나 태도와 밀접한 관련을 가진다.,우리의 삶에 직접적인 영향을 주는 다양한 국제적 문제가 발생하고 있음,환경 파괴와 관련된 문제,국제적 분쟁의 발생과 이로 인한 생명 살상에 대한 공포와 실제로 발생하는 전쟁이 문제된다.,"'가치' 측면에서는 세계 시민적 사고방식과, 대한민국 국민으로서의 주체성이 필요하다.","‘세계 시민(Weltbürger)'이란 말은 그리스어에서 기원한 코스코폴리탄의 독일어 역으로서 17세기 후반부터 사용되며, 18세기 후반에 계몽사상과 결합되어 확대되었다.",세계화 시대의 우리의 삶,지구 공동체의 문제에 관심을 가져야 하는 이유 한 국가에서 발생한 문제가 다른 국가에도 영향을 주기 때문에,창고에 보관하고 있는 묵은쌀을 바다에 버리는 것이 좋겠어.,"겨우 살아남은 어린이들도 충분한 영양 섭취를 못해서 긂주렸기 때문에 제대로 크지도 못하고 여러 가지 질병에 걸려 고생하게 돼. 또한 가난하기 때문에 소독약, 항생제와 같은 기본적인 의약품을 구하지 못해서 간단히 치료할 수 있는 질병이지만 큰 고통을 받게 되는 경우도 많다.","지금 이 순간에도 지구에서는 국가 사이의 영유권 문제 또는 석유와 천연가스 등의 자원 문제, 종교나 이념 대립 문제, 인종과 분리 독립 문제 등으로 각종 분쟁이 끊임없이 일어나고 있다.",그런데 이것으로 인해 가장 큰 피해를 받는 사람은 어린이들이다.,지구 공동체의 문제는 전체 인류가 힘과 지혜를 모아야 해결할 수 있기 때문에,지구 공동체의 문제에 관심을 가져야 하는 이유 지구 공동체의 한 구성원으로서의 의무이기 때문에,묵은쌀을 바다에 버리지 못한다면 이렿게 활용하는 것도 합리적인 방안이라고 생각해.,국제적인 빈부 격차와 기아 문제가 있어요.,"이에 비해 세계화 시대에는 정치, 경제, 사회, 문화 등 여러 방면에서 국제적 교류가 활발하게 이루어지고 있다.",창고 보관 비용보다 더 들더라도 남는 식량은 기아에 허덕이는 국가에 지원해야 해.,세계 시민으로서의 도덕의식의 필요성,"칸트에서는 '세계 시민’, ‘세계 시민적 사회’, ‘세계 시민적 견지"", '세계 시민적 체제’ 등의 용어가 발견된다.",현재의 환경 문제는 우리에게 지구적 차원에서 문제를 바라보고 해결할 것을 요구하고 있다.,식량은 인간의 생존 문제와 직결돼.,세계 시민으로서 개방적 태도를 가져야 함.,사람이 먹는 식량을 왜 버리려고 하는데?,2015년 12월 11일 신문기사를 보니까 농림축산부가 묵은쌀 재고 10 만 톤을 가축 배합 사료로 사용하는 방안을 검토하고 있다고 하네.,"또, 일자리를 찾아 다른 나라로 거주지를 옮기는 국제적 이주도 증가하면서, 여러 민족이나 인종이 함께 사는 다민족, 다인종 사회가 되고 있다.",지구적 관점에서 생각해야 해요.,글로벌 지성을 높이기 위해 어떤 노력을 해야 하는지 그의 주장을 통해 알아보는 활동이다.,곤경에 처한 인류를 돕고 함께 살아가는 것은 인간으로서의 당연한 도리이기 때문에,다제내성균: 항생제의 남용에 의해 만들어진 새로운 박테리 아로서 기존의 모든 항생제에 저항성을 갖기에 슈퍼박테리아 라고도 불림. 다제내성균: 항생제의 남용에 의해 만들어진 새로운 박테리아로서 기존의 모든 항생제에 저항성을 갖기에 슈퍼박테리아라고도 불림.,나아가 세계의 모든 인간은 보편적 인권을 지닌 평등한 존재들이다.,그것들에 공통된 것은 특정한 민족과 국가의 입장을 넘어서서 개인들과 국가들을 공통의 세계 또는 인류의 성원으로서 파악하는 세계 시민주의의 견해이다.,"지구 공동체가 직면하고 있는 국제적인 빈부 격차와 기아 문제, 전쟁과 평화의 문제, 인권의 보장 문제, 환경 문제, 문화의 다양성 문제 등이 바로 세계 시민으로서의 우리 자신의 문제이면서 동시에 우리 후손들의 문제임을 깨달아야 한다.",모든 사람을 세계 시민으로 간주하여 평등하게 대우함.,"오늘날 세계에서는 전쟁과 기아, 종교적 탄압, 독재와 부패 관료, 전근대적인 성차별 의식 등과 같은 각종 원인들에 의해 인권이 심각하게 훼손되는 경우가 있다.","부정론은 다시 두 가지 견해로 나누어 볼 수 있는데, 세계화가 낳고 있는 부정적 결과를 주목하는 시각이 하나라면 사회운동을 통해 인간적인 세계화가 가능하다는 시각이 다른 하나이다.",세계 시민이 직면하는 도덕적 문제를 해결하려면 어떤 태도를 가져야 할까?,우리가 다른 나라에서 발생하는 문제에 관심을 가져야 하는 이유는 무엇일까?,지구촌의 평화를 위협하는 문제가 있어요.,지구적 차원의 관심 증가 우리의 삶에 직접적인 영향을 주는 다양한 국제적 문제가 발생하고 있음.,우리는 흔히 내 가족이나 주변 사람들에게는 관심을 갖고서 애정을 쏟으며 그들을 도와주려고 한다.,폐쇄적인 태도의 상대어는 '개방적인' 태도이다.,"‘태도’ 측면에서는 세계 각국의 다양한 문화를 이해하고 수용할 수 있는 개방적인 태도와 실천하는 자세, 그리고 개인의 영달보다는 인류공동의 평화와 발전을 위해 일하고 노력하는 세계 민주 시민 정신이 필요하다.","이렇게 세계 시민은 모든 사람들이 지니는 보편적 권리와 의무를 존중하며, 박애주의(博愛主義) 또는 인류애의 관점에서 모든 인간에 대한 사랑을 중시한다.",세계화 시대의 우리의 삶이 전 지구적 차원에서 긴밀하게 연결되어 있음을 깨달아 스스로 세계 시민으로서의 정체성을 확립한다.,"몽테스키외: 프랑스의 사상가, 입법·행정·사법의 3권 분립 이론을 주장했으며, 대표적인 저서로는 「법의 정신」이 있다.",문화적 다양성이 위축되는 문제가 있어요.,"정보 통신 기술의 발달로 여러 나라의 문화가 신속하게 전파되며, 뉴스와 같은 정보도 거의 실시간으로 전달된다.",다른 나라에서 벌어지는 일을 알기도 어렵고 삶에 미치는 영향도 크지 않았음.,"유엔식량농업기구(FAO)의 2014년 보고서에 따르면 전 세계의 곡물 생산량은 약 25억 톤으로, 이는 70억 인구가 하루 978g(밥 한공기의 쌀의 양은 120g)을 섭취할 수 있는 양임에도 불구하고. 유엔세계식량계획(WFP)의 2014년 보고서에 따르면 전 세계에서 8억 530만 명의 사람들이 영양실조를 겪고 있다고 합니다.",국가적 차원의 노력과 국제적인 협력,국제적인 빈부 격차와 기아 문제,"세계 시민의 의미: 지구 공동체의 모든 사람들을 동등하게 대우하며, 자기 나라의 문제뿐만 아니라 지구촌 문제에도 관심을 갖는 사람.","세계화 시대의 우리의 삶의 모습, 세계 시민의 의미와 특징을 알아보고 이를 바탕으로 세계 시민이 직면한 도덕 문제를 구체적으로 탐구하도록 한다.","또, 생물학 무기와 핵무기 등은 인류의 생존 자체를 위협하는 심각한 문제이므로 인류 전체가 관심을 가져야 한다.","현재 지구에서는 전 세계 인구가 충분히 먹을 수 있는 식량을 생산하고 있음에도 불구하고, 하루 한 끼를 제대로 먹지 못하여 절대적 빈곤에 있는 인구가 8억 명에 이르고 있다.",아울러 세계의 주된 문화가 상업적인 문화 위주로 바뀌어 가면서 인간의 삶과 관련하여 숭고한 정신을 담고 있는 여러 문화가 외면당하고 공유되지 못하고 있다.,지구 공동체의 문제에 관심을 가져야 하는 이유,개인이 속한 국가보다 높은 수준의 도덕 법칙에 의해 개인이 구속되어야 한다는 생각에 기초한 세계 시민이다.,세계 시민의 특징 개방적인 태도로 모든 사람들에게 관심을 가지고 있음.,"개방적 태도란, 나와 다른 문화에 대해 열린 마음을 가지고 그 문화를 그 자체로서 인정하고 존중하면서 나아가 그들과 더불어 살아가려는 자세이다.","세계 시민의 의미: 지구 공동체의 모든 사람들을 동등하게 대우하며, 자기 나라의 문제뿐만 아니라 지구촌 문제에도 관심을 갖는 사람.",왜 쌀과 같은 식량을 경제적인 측면 만으로 보는 거야.,따라서 우리는 모든 사람을 세계 시민으로 간주하여 평등하게 대우해야 한다.,"지구적 차원의 관심 증가 예: 환경 문제, 핵무기 문제, 국제적 빈부 격차와 해외 원조 문제, 난민 문제 등",지구 공동체의 모든 사람들은 인간으로서의 존엄성과 보편적 인권을 지닌 평등한 존재이기에 우리와 똑같이 행복을 추구하면서 인간답게 살아갈 권리가 있다.,이 시대에는 다양한 인종과 민족이 공존하면서 세계 시민 의식이 확산되었다.,"'지식과 기능' 측면에서는 세계 변화를 인식할 수 있는 민감성과, 세계의 역사·정치·경제·사회·문화 등에 대한 폭넓은 지식과, 외국인과 소통할 수 있는 어학적 능력, 갖가지 세계 정보를 선별할 수 있는 정보처리 능력과, 원만한 대인관계 기술, 상황에 따른 합리인 판단 능력, 비전 창출 능력, 가치판단 능력, 구체적인 목표 수립 능력, 조직화 능력이 필요하다.","그러나 영양실조와 질병, 더러운 식수 때문에 기아에 시달리는 지역의 어린이들 가운데 약 이 다섯 살이 되기 전에 죽는다는 것이다.",지구촌의 평화를 위협하는 문제,세계 시민 정신
도덕,중학교,2학년,9도03-07,"현대 과학기술과 관련된 윤리적 쟁점의 분석을 통해 과학기술의 유용성과 한계를 인식하고, 과학기술의 바람직한 활용에 관한 관심과 책임 의식을 기른다.",과거의 불치병도 치료가 가능,원하는 성과를 위해 실험 내용 조작 금지,생명은 누구에게나 소중하므로 절대로 대상화할 수 없는 것이다.,인간의 지식에는 한계가 있음.,과학 기술의 부작용과 한계를 인식해야 함.,그래서 가난한 나라의 국민들이나 경제력이 부족한 사람들은 과학 기술의 혜택을 충분히 누리지 못할 수 있어요.,소유와 성장만을 추구해서는 안 됨.: 생태계 파괴,"식물 유전자 조작 기술 새로운 논쟁: 건강에 대한 영항력 문제, 생태계 교란 문제",'더 많이 갖고 더 성장하는 것이 잘 사는 삶’이라는 생각에서 벗어나지 않고 과학 기술에 모든 것을 의존한다면 생태계 파괴와 같은 더 큰 문제가 발생할 수 있어요.,컨베이어 벨트와 같은 기계 장치를 활용하는 과정에서 기계 중심의 생산이 이루어져 인간이 기계의 부속품처럼 생각된다.,많은 투자 비용으로 혜택이 소수에게 돌아감.,"장점: 수확량 증가, 병충해 내성 품종 개발","따라서 과학 기술에 맹목적으로 의존하거나 과학 기술을 배척하기보다는 그것의 가능성과 한계를 반성적으로 성찰하고, 과학 기술을 좋은 목적으로 사용하도록 노력해야 합니다.",대량 생산으로 많은 자원 사용,과학 기술의 부작용과 한계를 깨달아야 한다. 인간의 지식은 완벽하지 않으며 언제나 한계가 있다. 과학 기술도 미래를 완벽하게 예측하거나 모든 부작용을 제거할 수는 없다.,기계화와 자동화로 인간 소외 현상이 나타남.,"인류는 백신의 개발과 예방 접종 등을 통해 상당수의 전염병을 극복하였으며, 이는 영아 사망률을 낮추고 평균 수명을 연장하는 데 기여했다.",비인도적인 연구를 해서는 안 됨.,과학 기술에만 의존하면 우리의 미래는 어두울 것이라고 비관적으로 봐요.,산업화를 통해 대량 생산의 시대가 열렸지만 많은 자원을 사용해 자원이 고갈되고 있다.,과학 기술의 발달이 인류의 삶에 어떤 혜택을 가져다주었을까?,과학 기술이 좋은 목적에 활용되도록 관심을 가져야 해요.,그래야만 인류는 밝은 미래를 열어 갈 수 있습니다.,기계화와 자동화로 인간 소외 현상이 나타났어요.,사회 문제를 해결하고 구성원의 행복을 증진하는 것이 연구의 목적이어야 함.,다양한 가전제품의 발달,성격의 단점을 없애 주어 적응력을 높일 수 있다.,산업화로 발생한 환경 문제나 자원 고갈 문제도 해결 가능,왜냐하면 과학 기술은 완벽하지 않으며 많은 한계를 갖고 있기 때문이에요.,"장점: 멸종 위기 종 보전, 우수 유전 인자 보전, 질병 치료 가능",따라서 과학 기술자는 연구 결과가 미칠 사회적 영향을 고려하며 그것이 좋은 목적에 활용되도록 노력해야 한다.,과학 기술 개발의 의도와 목적이 정당해야 해요.,반성적 성찰과 도덕적 관점,과학 기술에 대한 도덕적 책임과 연구 윤리,산업화 과정에서 자원 고갈과 환경 오염 문제가 생겨났어요.,대량 소비로 발생하는 각종 폐기물 역시 환경 오염을 심화하고 있다.,"장점: 삶의 편리성 증대, 안전한 생활",예를 들어 원자력 기술은 방사선 등 의학 치료에 이용되지만 원자 폭탄을 만드는 데 악용되기도 한다.,생명 연장 의료 기술,교통과 통신의 발달로 이제 전 세계는 지구촌 시대가 되었다.,과학 기술의 개발이 인간의 존엄성과 행복 증진이라는 가치에 기여하는지를 판단 기준으로 삼아야 하는 것이다.,장애를 가지거나 나보다 능력이 모자라는 사람들에 대한 배려심이 없는 사회가 될 수 있다.,교통수단의 발달,과학 기술을 개발하면서 연구 윤리를 지켜야 해요.,과학 기술을 개발하면서 연구 윤리를 지켜야 함.,"괴물의 생명일지라도 하찮게 봐서는 안 되며, 탄생에 책임을 져야 한다.","새로운 논쟁: 생명 탄생에 인위적 개입 문제, 정체성 혼란 문제, 생명권 침해 문제",과학 기술이 발달하면서 생겨난 윤리적 쟁점에는 어떤 것들이 있을까?,모두가 똑같이 개성 없는 사람들만 남아서 냉혹한 사회가 된다.,"또, 지식과 정보가 첨단 통신 매체를 통해 아주 빨리 전달되어 세계 각지의 소식을 거의 실시간으로 알 수 있으며 거리의 제약 없이 다양한 사람들과 자유롭게 의사소통을 할 수 있다.",여러분은 과학 기술이 우리의 미래에 어떤 역할을 할 것으로 보나요?,보건 · 의료 기술의 발달로 질병에서 벗어날 수 있게 되었어요.,과학 기술 개발의 의도와 목적이 정당해야 함.,그래서 세계 각국은 자국의 과학 기술을 발전 시키기 위하여 국가적으로 많은 노력을 기울이고 있답니다.,인간의 존엄성과 행복 증진에 기여해야 함.,과학 기술이 좋은 목적에 활용되도록 관심을 가져야 함.,"인간 복제, 유전자 조작: 인간 생명의 상품화 우려","새로운 논쟁: 죽음의 시점 문제, 생명 연장의 의의 문제",식물 유전자 조작 기술,비관론적 관점: 소유와 성장만을 추구해서는 안 됨: 생태계 파괴,과학 기술의 궁극적 목적: 인간 삶의 질 항상,이처럼 기계가 중심이 되고 나아가 인간이 기계에 종속되어 인간 소외 현상이 심화된다.,"식물 유전자 조작 기술 장점: 수확량 증가, 병충해 내성 품종 개발",교통과 통신의 발달로 인간의 활동 범위가 넓어졌어요.,다양한 기계의 발달로 육체노동에서 해방됨. 농기계와 로봇의 발달.,농기계와 로봇의 발달,과학 기술자는 연구 윤리를 지키며 양심적으로 연구를 해야 한다.,과학 기술의 부작용과 한계 인식,"기계화와 자동화로 인간 소외 현상이 나타남. 자동화로 기계가 인간 대체: 실업, 인간 가치 저하 문제 발생",물자와 사람이 각종 교통수단을 통해 쉽고 편리하게 이동하고 있다.,산업화로 자원 고갈과 환경오염이 나타남. 대량 소비로 각종 폐기물 발생,유전자 조작으로 태어난 아기에게 어떤 문제가 있을지 자신할 수 없다.,또한 자동화로 무인 공장이 등장하는 등 기계가 인간을 대체해 실업이나 인간 가치의 저하 문제가 발생한다.,"생명 연장 의료 기술 새로운 논쟁: 죽음의 시점 문제, 생명 연장의 의의 문제",과학 기술에 대한 도덕적 책임과 연구 윤리,"동물 복제와 장기 이식 기술 새로운 논쟁: 생명 탄생에 인위적 개입 문제, 정체성 혼란 문제, 생명권 침해 문제",과학 기술을 연구하고 활용하는 데 책임이 뒤따른다는 사실은 물론 그 이유도 이해해야 할 것이다.,"동물 복제와 장기 이식 기술 장점: 멸종 위기 종 보전, 우수 유전 인자 보전, 질병 치료 가능","대량 살상 무기, 유전 공학 등으로 생명 경시 풍조가 심해졌어요.",산업화로 자원 고갈과 환경오염이 나타남. 대량 생산으로 많은 자원 사용.
도덕,중학교,2학년,9도04-02,"과학 기술이 현대인의 삶에 미치는 긍정적인 영향과 가치를 설명하고, 동시에 과학 기술이 지닌 문제점과 한계를 열거하며, 과학 기술의 바람직한 활용 방안을 제시할 수 있다.","우리는 신뢰할 수 있는 정보만을 선택해야 하며, 이를 간과할 경우 잘못된 판단을 내릴 수 있습니다.","첫째, 기술을 사용할 때는 항상 그 이점과 위험을 함께 생각해야 합니다.",앞서가는 기술에 접근할 수 있는 사람과 그렇지 못한 사람 간의 격차가 벌어지기 때문입니다.,과학 기술은 우리의 삶을 풍요롭게 만드는 중요한 요소입니다.,"예를 들어, 스마트폰은 언제 어디서나 친구와 소통할 수 있게 해주고, 필요한 정보를 즉시 검색할 수 있는 편리함을 제공합니다.",사람들은 점점 더 온라인에서 소통하는 것을 선호하게 되어 대면 소통이 줄어들 수 있습니다.,현대 사회에서 과학 기술은 우리의 삶을 크게 변화시켰습니다.,의료 기술: MRI나 CT 스캔 같은 진단 기술 덕분에 질병을 조기에 발견하고 치료할 수 있습니다.,"또한, 의학의 발전 덕분에 많은 질병을 예방하거나 치료할 수 있게 되었고, 이는 인간의 수명과 삶의 질을 향상시키는 데 큰 역할을 하고 있습니다.","따라서 우리는 과학 기술을 현명하게 활용하고, 자연과의 조화를 이루는 방법에 대해 깊이 고민해야 합니다.","이러한 기술 덕분에 친구들과의 소통이 더 원활해지고, 필요한 지식을 쉽게 찾을 수 있게 되었습니다.","또한, 과학 기술의 사용이 지구 환경에 미치는 부정적인 영향도 무시할 수 없습니다.",커뮤니케이션의 균형: 온라인과 오프라인 소통을 병행하여 인간관계를 유지하고 사회적 고립을 피해야 합니다.,우리 개인의 정보가 유출되거나 악용될 위험이 크기 때문에 이를 예방하기 위한 노력이 필요합니다.,"예를 들어, 스마트폰과 인터넷의 발달로 우리는 언제 어디서나 정보를 쉽게 얻을 수 있게 되었습니다.",산업 발전과 도시화로 인한 공기와 수질 오염은 심각한 문제입니다.,"먼저, 우리의 일상생활에서 과학 기술이 어떻게 긍정적인 영향을 미치고 있는지 살펴보겠습니다.",그리고 과학 기술이 발전하면서 개인정보 유출과 같은 새로운 범죄가 발생하기도 합니다.,이는 우리가 일상생활에서 경험할 수 있는 여러 가지 긍정적인 변화로 나타납니다.,"기술이 사회에 미치는 영향을 고려하고, 모두에게 공평한 혜택을 주도록 노력해야 합니다.",하지만 과학 기술은 긍정적인 영향만 있는 것은 아닙니다.,"예를 들어, 재생 가능 에너지원인 태양광이나 풍력을 활용하여 친환경적인 에너지를 생산하고, 온실가스를 줄이는 데 기여하고 있습니다.",우리는 과학 기술 덕분에 많은 혜택을 누리고 있습니다.,"대량 생산과 소비는 자원의 고갈과 환경 오염을 초래할 수 있으며, 이는 지구의 생태계를 위협합니다.","첫째, 기술을 사용할 때는 항상 개인정보 보호를 신경 써야 합니다.","과학 기술은 우리의 삶을 보다 편리하게 만들어 주지만, 그 안에는 여러 가지 문제점과 한계가 존재합니다.",하지만 과학 기술이 항상 긍정적인 것만은 아닙니다.,과학 기술은 우리 삶을 더 편리하고 윤택하게 만들어주는 중요한 도구입니다.,일부 사람이나 국가에게만 혜택이 집중되면 사회적 불평등이 심해질 수 있습니다.,이를 통해 과학 기술이 우리 사회를 위해 긍정적인 방향으로 발전할 수 있도록 할 수 있습니다.,"마지막으로, 사람들은 기술이 가진 위험성을 이해하고, 이를 극복하기 위한 교육과 대화가 필요합니다.",개인정보 보호: 인터넷 사용 시 개인정보가 유출되는 사례가 많아졌습니다.,교육의 기회를 넓히기: 모든 사람에게 과학 기술에 대한 교육 기회를 제공하여 기술의 사용에 대한 이해를 높여야 합니다.,녹색 기술과 같은 지속 가능한 솔루션을 개발하여 자연을 보호하는 방향으로 나아가야 합니다.,환경오염: 많은 과학 기술이 자연 환경에 부정적인 영향을 미칩니다.,과학 기술을 바람직하게 활용하기 위해서는 몇 가지 원칙이 필요합니다.,여러 가지 문제점과 한계도 존재합니다.,현대 사회에서 과학 기술은 우리 삶의 여러 부분에서 큰 역할을 하고 있습니다.,"예를 들어, 스마트폰과 인터넷을 통해 우리는 언제 어디서나 정보를 얻고 소통할 수 있습니다.","개인 정보 보호: 개인 정보를 보호하기 위한 법과 제도를 강화해야 하며, 사용자 스스로도 개인정보 보호에 대한 경각심을 가져야 합니다.",과학 기술을 더욱 바람직하게 활용하기 위해서 우리가 실천할 수 있는 몇 가지 방안을 제시합니다.,"환경 오염: 공장과 자동차에서 발생하는 대기오염은 우리의 건강을 해치고, 지구 온난화의 원인이 됩니다.",과학 기술은 우리의 생활을 풍요롭게 해주는 중요한 요소입니다.,새로운 치료법과 진단 기술이 개발됨에 따라 많은 질병을 예방하고 치료할 수 있게 되었습니다.,환경 문제: 과도한 기술 개발은 자연 생태계에 부정적인 영향을 미칠 수 있습니다.,하지만 과학 기술은 항상 긍정적인 것만 있지는 않습니다.,우리는 다양한 정보를 비판적으로 분석할 수 있는 능력을 키워야 합니다.,그렇다면 우리는 과학 기술을 어떻게 바람직하게 활용할 수 있을까요?,"예를 들어, 로봇 청소기는 우리가 청소하는 시간을 줄여줍니다.",사생활 침해: 기술의 발전은 개인 정보를 수집하고 저장하는 데에도 사용됩니다.,효율성의 증대: 과학 기술 덕분에 우리는 많은 일을 빠르고 효율적으로 처리할 수 있습니다.,"먼저, 기술의 발전이 빠르게 이루어짐에 따라, 정보와 기술에 접근하기 어려운 사람들 사이에 '디지털 격차'가 생겨나고 있습니다.","비판적 사고: 정보를 접할 때는 항상 비판적으로 분석하고, 신뢰할 수 있는 출처에서 얻은 정보를 선택하는 습관을 기르는 것이 중요합니다.",생활 편리성: 스마트 가전 및 자동화 기술은 우리의 일상 생활을 더욱 편리하게 만들어 줍니다.,과학 기술은 우리의 삶에 긍정적인 영향을 미칠 수 있는 도구입니다.,정보 접근성: 인터넷을 통해 우리는 언제 어디서나 다양한 정보를 얻을 수 있습니다.,"하지만, 과학 기술에는 몇 가지 문제점과 한계도 존재합니다.",우리는 이제 태양광 발전이나 풍력 발전과 같은 기술을 통해 지속 가능한 미래를 만들어 나갈 수 있습니다.,더 나아가 과학 기술은 환경 문제 해결에도 기여하고 있습니다.,"예를 들어, 환경 친화적인 기술 개발과 사용을 장려하고, 리사이클링과 에너지 절약에 힘써야 합니다.","둘째, 과학 기술의 발전을 통해 발생하는 문제들에 대해 비판적으로 사고하고, 지속 가능한 방법으로 해결 방안을 모색해야 합니다.","친구와 빠르게 연락하거나, 다양한 지식을 나누는 데 큰 도움이 됩니다.",과학과 기술의 발전이 인류에게 유익한 가치를 더할 수 있도록 우리의 노력과 실천이 중요합니다.,"하지만 그 이면에 존재하는 문제점들을 인식하고, 바람직한 방식으로 활용하는 것이 중요하다는 점을 기억해야 합니다.","첫 번째로, 과학 기술의 발전에 따른 교육과 인식을 높이는 것이 중요합니다.",과학 기술은 현대인의 삶을 크게 변화시켰습니다.,그렇다면 우리는 과학 기술을 어떻게 바람직하게 활용할 수 있을까요?,"기술이 발전함에 따라 정보 공유가 쉬워졌지만, 개인정보 유출 같은 부작용이 발생할 수 있습니다.","이번 단원에서는 과학 기술이 인간의 삶에 미치는 긍정적인 영향과 부정적인 측면, 그리고 바람직한 활용 방안에 대해 알아보겠습니다.","예를 들어, 산업 발전으로 인한 대기 오염은 우리의 건강에 해로운 영향을 미치며, 기후 변화는 모든 생명체에 위협이 됩니다.",의료 발전: 의학 기술의 발전은 우리의 건강을 지키는 데 큰 역할을 합니다.,이에 따라 개인의 사생활이 침해될 위험이 커지고 있습니다.,"예를 들어, 컴퓨터와 소프트웨어는 복잡한 계산이나 자료 정리를 손쉽게 도와줍니다.",전자 기기의 발달로 우리는 언제 어디서나 정보를 얻고 소통할 수 있습니다.,"또한, 기술 의존도가 높아지면서 사람들 간의 소통이 줄어들고, 정서적 고립을 초래할 수 있습니다.","예를 들어, 스마트폰과 컴퓨터는 우리가 정보를 쉽게 얻고, 친구들과 소통하며, 공부할 수 있도록 도와줍니다.","또한, 디지털 기기의 과도한 사용은 사람들 사이의 진정한 소통을 방해하고, 사회 고립을 불러오는 경우도 있습니다.","태양광 발전, 풍력 발전 등 지속 가능한 에너지원의 사용은 자연을 보호하면서도 우리의 에너지를 제공합니다.",이러한 문제들은 과학 기술의 발전과 함께 고려해야 할 중요한 부분입니다.,하지만 과학 기술이 가져오는 이점만 있는 것은 아닙니다.
도덕,중학교,2학년,9도04-03,삶과 죽음의 문제를 도덕적으로 성찰하고 평정심을 추구하며 자신의 삶의 의미를 구성할 수 있다.,"자신의 소중한 시간을 나누며, 삶의 기쁨과 소중함을 재발견할 수 있습니다.","편안한 자세로 앉아 눈을 감고, 몇 분간 자신의 호흡에 집중해보세요.",삶과 죽음에 대해 깊이 생각하다 보면 다양한 감정이 드는 것은 자연스러운 일입니다.,다음과 같은 방법을 시도해 봅시다.,다음과 같은 질문들을 통해 죽음에 대해 생각해 볼 수 있습니다.,"이번 단원에서는 이런 주제에 대해 도덕적으로 성찰해 보고, 평정심을 유지하면서 자신만의 삶의 의미를 구성해 보겠습니다.","우리는 죽음을 두려워하기보다는, 이를 통해 삶을 더욱 의미 있게 살아갈 수 있는 기회로 삼아야 합니다.",자연과의 조화: 자연 속에 있는 시간은 우리에게 큰 위안이 됩니다.,"예를 들어, 우리가 누군가의 죽음을 겪을 때, 우리는 그 사람이 남긴 가치와 기억을 되새겨보면서 어떤 삶을 살것인지 고민할 수 있습니다.",각자의 경험과 가치관에 따라 삶의 의미는 다르게 구성됩니다.,명상이나 깊은 호흡을 통해 마음을 진정시키기,"죽음을 두려워하거나 슬퍼할 수도 있지만, 때로는 삶의 소중함을 깨닫게 해주는 기회가 되기도 합니다.","깊게 숨을 쉬거나, 긍정적인 생각을 하는 등의 방법이 있습니다.",삶과 죽음에 대한 고민은 때때로 우리에게 큰 스트레스를 줍니다.,"예를 들어, 깊은 호흡을 하거나, 자연 속에서 시간을 보내며 마음을 진정시키는 방법이 있습니다.",친구나 가족과 이야기하며 서로의 생각을 나누기,"우리는 죽음을 이야기함으로써 더 의미 있게 살아가고, 사랑하는 사람과의 관계를 소중히 여길 수 있습니다.","우리가 진정으로 원하는 것이 무엇인지, 어떤 가치를 중시하는지를 고민하는 과정은 나 자신을 이해하고 더욱 성장하는 데 큰 도움이 됩니다.",이러한 순간에 우리는 평정심을 유지하는 것이 중요합니다.,다른 사람들의 생각은 자신에게 새로운 인사이트를 줄 수 있습니다.,그러나 불안과 두려움이 우리를 압도하지 않도록 평정심을 유지하는 방법도 중요합니다.,"마음챙김이란, 현재의 순간에 집중하고 느끼는 것을 뜻합니다.",당신은 죽음에 대해 어떻게 생각하나요?,"이는 사람마다 다를 수 있지만, 주로 다음과 같은 질문을 통해 이루어집니다.","삶의 의미는 무엇인지, 죽음은 왜 존재하는지 생각해 보았습니다.",이 과정에서 도와줄 수 있는 것이 바로 도덕적 성찰입니다.,죽음은 우리 모두가 언젠가는 맞이해야 할 과정입니다.,우리는 죽음에 대해 자연스럽게 두려움이나 슬픔을 느낍니다.,우리는 매일매일 다양한 경험을 하며 성장하고 배우고 있습니다.,여러분도 이 여정을 통해 자신만의 특별한 삶의 의미를 발견할 수 있기를 바랍니다.,"죽음은 종종 두렵고 슬픈 감정과 연결되지만, 죽음을 통해 우리는 삶의 소중함을 배우기도 합니다.","직접적으로 경험한 일들, 감정들, 그리고 다른 사람들과의 관계에서 우리는 삶의 의미를 조금씩 발견할 수 있습니다.",연습하기: 자신이 평정심을 유지하는 방법을 연습해보세요.,"우리가 살아가는 동안 느끼는 기쁨, 슬픔, 사랑, 이별은 모두 우리의 삶을 더욱 풍요롭게 만듭니다.","평정심이란, 마음의 평화를 유지하는 것을 의미합니다.","하지만 도덕적으로 성찰하며 평정심을 찾고, 자신의 삶의 의미를 구성해 나가는 과정에서 우리는 더욱 성장할 수 있습니다.","죽음은 모든 생명의 끝을 의미하지만, 이에 대한 느끼는 방식은 저마다 다릅니다.",다음 질문에 답해보세요.,내가 좋아하는 것과 가치 있는 것이 무엇인지?,이러한 경험을 통해 우리는 자신의 감정과 생각을 깊이 성찰할 수 있습니다.,내 인생에서 가장 소중한 것은 무엇인가?,자연 속에서 시간을 보내며 내 삶의 소중함을 느끼기,이번 대단원을 통해 우리는 삶과 죽음이라는 주제를 도덕적으로 성찰해 보았습니다.,평정심을 유지하며 자신의 삶의 의미를 찾아가는 과정은 더욱 의미 있는 인생을 살아가는 데 큰 도움이 될 것입니다.,이럴 때 평정심을 유지하는 것이 중요합니다.,"기쁨, 슬픔, 분노 등 다양한 감정을 느끼면서 우리는 때로는 혼란스러워질 수 있습니다.","평정심을 잃지 않는 것은 우리의 생각과 행동을 더 명확하게 하고, 힘든 상황에서도 올바른 판단을 내릴 수 있도록 도와줍니다.","우리는 하루하루를 살아가면서 삶의 의미를 찾고, 죽음에 대해 생각하게 됩니다.","명상이나 심호흡하기: 마음을 가라앉히고, 자신을 돌아보는 시간을 가질 수 있습니다.",우리 각자의 삶이 소중하다는 사실을 잊지 마세요.,이런 과정을 통해 우리는 평정심을 찾는 방법을 배울 수 있습니다.,누군가는 죽음을 통해 새로운 시작이 있다고 믿기도 합니다.,하지만 삶과 죽음은 단순한 생리적인 과정만이 아닙니다.,"이를 통해 우리는 더 나은 선택을 할 수 있고, 더 행복한 삶을 살아갈 수 있습니다.",죽음을 받아들이는 방법이나 경험이 있다면 나누어봅시다.,"우리는 자기 자신이 중요하다는 것을 깨달아야 하고, 자신만의 목표와 가치를 설정해야 합니다.",이러한 방법을 통해 우리는 삶의 의미를 깊이 생각해볼 수 있습니다.,삶의 과정에서 우리는 여러 가지 감정에 휘둘릴 수 있습니다.,그 이유는 무엇인지 함께 이야기해봅시다.,"이 장에서는 삶과 죽음의 문제에 대해 생각해 보고, 평정심을 유지하며 자신의 삶의 의미를 찾는 방법에 대해 배웠습니다.",삶의 의미는 개인의 가치관에 따라 다르게 느껴질 수 있습니다.,삶과 죽음은 우리 모두가 겪는 중요한 문제입니다.,이 질문들에 대해 깊이 고민해보는 것은 우리 자신을 이해하고 삶의 목적을 찾는 데 도움이 됩니다.,여러분의 소중한 삶에서 평정심을 찾고 의미를 발견해보세요.,"예를 들어, 우정, 가족, 봉사와 같은 가치를 생각해보고, 왜 그것이 자신에게 중요한지 적어보세요.","삶의 의미를 찾고, 평정심을 유지하며, 아름다운 관계를 형성하는 것이 바로 여러분의 여정이 될 것입니다.","인간은 태어나서 성장하고, 결국 생을 마감하게 됩니다.","이 사실이 불안하게 느껴질 수 있지만, 죽음을 성찰하는 것은 삶을 더욱 소중히 여기고 의미 있게 살아가는 데 도움이 됩니다.",우리의 삶은 태어나는 순간부터 시작되어 다양한 경험을 거친 후 죽음으로 마무리됩니다.,삶과 죽음에 대한 고민은 때로 우리를 불안하게 만들 수 있습니다.,죽음은 자연의 일부입니다.,죽음은 모든 생명체가 피할 수 없는 존재입니다.,죽음은 우리 모두가 겪게 되는 자연스러운 현상입니다.,이럴 때 우리는 어떻게 평정심을 찾을 수 있을까요?,"마지막으로, 여러분은 자신의 삶의 의미를 어떻게 구성할 것인지 생각해 보세요.",내가 사랑하는 사람들은 어떻게 올바른 삶을 살고 있을까?,"삶의 의미는 무엇인지, 우리는 어떻게 살아가야 하는지에 대해 고민하는 것이 중요합니다.",인간은 누구나 태어나고 한정된 시간 안에 삶을 살아갑니다.,이런 과정을 통해 감정을 정리하고 스스로의 삶을 바라보는 시각을 넓힐 수 있습니다.,명상과 호흡: 명상이나 깊은 호흡을 통해 마음의 평화를 찾는 방법입니다.
